agency_cd,site_no,timestamp,Discharge..cfs,Nitrate..mg.N.L
USGS,1193050,41183,10900,0.5
USGS,1193050,41184,9770,0.5
USGS,1193050,41185,12300,0.44
USGS,1193050,41186,13300,0.45
USGS,1193050,41187,11800,0.43
USGS,1193050,41188,11000,0.43
USGS,1193050,41189,9250,0.46
USGS,1193050,41190,9230,0.46
USGS,1193050,41191,10000,0.46
USGS,1193050,41192,10600,0.46
USGS,1193050,41193,10700,0.43
USGS,1193050,41194,9710,0.44
USGS,1193050,41195,10300,0.46
USGS,1193050,41196,11800,0.46
USGS,1193050,41197,12000,0.43
USGS,1193050,41198,13800,0.4
USGS,1193050,41199,13300,0.39
USGS,1193050,41200,12400,0.38
USGS,1193050,41201,12400,0.37
USGS,1193050,41202,19300,0.36
USGS,1193050,41203,27400,0.35
USGS,1193050,41204,26100,0.28
USGS,1193050,41205,19700,0.27
USGS,1193050,41206,16200,0.28
USGS,1193050,41207,13400,0.3
USGS,1193050,41208,11300,0.31
USGS,1193050,41209,12400,0.34
USGS,1193050,41210,12700,0.37
USGS,1193050,41211,11900,0.37
USGS,1193050,41212,21900,0.36
USGS,1193050,41213,28600,0.36
USGS,1193050,41214,38100,0.31
USGS,1193050,41215,40200,0.24
USGS,1193050,41216,33700,0.23
USGS,1193050,41217,25200,0.25
USGS,1193050,41218,19900,0.26
USGS,1193050,41219,17700,0.27
USGS,1193050,41220,17400,0.3
USGS,1193050,41221,18200,0.3
USGS,1193050,41222,13600,0.31
USGS,1193050,41223,12200,0.34
USGS,1193050,41224,10900,0.35
USGS,1193050,41225,10800,0.36
USGS,1193050,41226,10900,0.39
USGS,1193050,41227,11100,0.39
USGS,1193050,41228,13000,0.42
USGS,1193050,41229,14900,0.4
USGS,1193050,41230,13400,0.38
USGS,1193050,41231,10100,0.37
USGS,1193050,41232,9620,0.38
USGS,1193050,41233,10300,0.41
USGS,1193050,41234,10600,0.42
USGS,1193050,41235,9830,0.42
USGS,1193050,41236,8230,0.43
USGS,1193050,41237,9620,0.43
USGS,1193050,41238,9350,0.46
USGS,1193050,41239,8820,0.46
USGS,1193050,41240,9200,0.47
USGS,1193050,41241,10900,0.46
USGS,1193050,41242,11300,0.46
USGS,1193050,41243,9200,0.45
USGS,1193050,41244,7410,0.47
USGS,1193050,41245,7210,0.47
USGS,1193050,41246,7690,0.47
USGS,1193050,41247,8720,0.51
USGS,1193050,41248,9650,0.53
USGS,1193050,41249,9990,0.52
USGS,1193050,41250,11200,0.53
USGS,1193050,41251,13600,0.49
USGS,1193050,41252,12500,0.45
USGS,1193050,41253,13000,0.44
USGS,1193050,41254,16600,0.44
USGS,1193050,41255,17800,0.43
USGS,1193050,41256,19000,0.41
USGS,1193050,41257,19200,0.38
USGS,1193050,41258,15500,0.36
USGS,1193050,41259,11500,0.37
USGS,1193050,41260,13400,0.38
USGS,1193050,41261,17300,0.4
USGS,1193050,41262,19000,0.44
USGS,1193050,41263,20000,0.46
USGS,1193050,41264,27500,0.39
USGS,1193050,41265,37200,0.36
USGS,1193050,41266,42200,0.31
USGS,1193050,41267,40700,0.29
USGS,1193050,41268,34000,0.29
USGS,1193050,41269,25800,0.31
USGS,1193050,41270,23900,0.32
USGS,1193050,41271,22900,0.37
USGS,1193050,41272,20000,0.39
USGS,1193050,41273,19400,0.38
USGS,1193050,41274,15900,0.39
USGS,1193050,41275,14500,0.39
USGS,1193050,41276,14700,0.41
USGS,1193050,41277,13200,0.43
USGS,1193050,41278,10500,0.43
USGS,1193050,41279,9890,0.45
USGS,1193050,41280,9930,0.46
USGS,1193050,41281,12100,0.49
USGS,1193050,41282,13500,0.49
USGS,1193050,41283,13300,0.49
USGS,1193050,41284,11600,0.49
USGS,1193050,41285,9860,0.5
USGS,1193050,41286,12500,0.51
USGS,1193050,41287,14400,0.52
USGS,1193050,41288,15900,0.53
USGS,1193050,41289,18200,0.52
USGS,1193050,41290,21700,0.49
USGS,1193050,41291,24200,0.43
USGS,1193050,41292,21400,0.41
USGS,1193050,41293,18300,0.42
USGS,1193050,41294,15600,0.43
USGS,1193050,41295,14600,0.45
USGS,1193050,41296,16400,0.45
USGS,1193050,41297,14600,0.45
USGS,1193050,41298,11600,0.45
USGS,1193050,41299,10300,0.45
USGS,1193050,41300,11600,0.47
USGS,1193050,41301,10700,0.47
USGS,1193050,41302,9930,0.49
USGS,1193050,41303,10600,0.51
USGS,1193050,41304,12000,0.51
USGS,1193050,41305,19200,0.53
USGS,1193050,41306,29100,0.54
USGS,1193050,41307,37400,0.4
USGS,1193050,41308,36600,0.37
USGS,1193050,41309,29900,0.39
USGS,1193050,41310,24200,0.4
USGS,1193050,41311,22800,0.4
USGS,1193050,41312,20300,0.41
USGS,1193050,41313,16200,0.43
USGS,1193050,41314,12000,0.44
USGS,1193050,41315,8800,0.45
USGS,1193050,41316,11600,0.48
USGS,1193050,41317,17000,0.52
USGS,1193050,41318,20400,0.48
USGS,1193050,41319,18700,0.48
USGS,1193050,41320,17500,0.48
USGS,1193050,41321,17000,0.49
USGS,1193050,41322,16700,0.51
USGS,1193050,41323,14100,0.52
USGS,1193050,41324,13400,0.51
USGS,1193050,41325,15400,0.52
USGS,1193050,41326,13000,0.52
USGS,1193050,41327,11400,0.3
USGS,1193050,41328,11900,0.3
USGS,1193050,41329,11800,0.3
USGS,1193050,41330,12200,0.3
USGS,1193050,41331,13300,0.3
USGS,1193050,41332,16500,0.3
USGS,1193050,41333,23900,0.3
USGS,1193050,41334,24300,0.3
USGS,1193050,41335,23300,0.3
USGS,1193050,41336,21300,0.3
USGS,1193050,41337,19600,0.3
USGS,1193050,41338,16400,0.3
USGS,1193050,41339,14300,0.3
USGS,1193050,41340,14800,0.48
USGS,1193050,41341,15400,0.51
USGS,1193050,41342,15900,0.52
USGS,1193050,41343,16400,0.51
USGS,1193050,41344,16700,0.52
USGS,1193050,41345,21100,0.52
USGS,1193050,41346,34000,0.48
USGS,1193050,41347,52700,0.39
USGS,1193050,41348,60900,0.32
USGS,1193050,41349,51600,0.33
USGS,1193050,41350,39400,0.34
USGS,1193050,41351,32000,0.35
USGS,1193050,41352,29300,0.35
USGS,1193050,41353,27700,0.38
USGS,1193050,41354,24900,0.4
USGS,1193050,41355,23000,0.41
USGS,1193050,41356,20900,0.42
USGS,1193050,41357,17200,0.43
USGS,1193050,41358,16800,0.44
USGS,1193050,41359,19500,0.44
USGS,1193050,41360,18800,0.45
USGS,1193050,41361,16900,0.46
USGS,1193050,41362,18600,0.45
USGS,1193050,41363,20100,0.44
USGS,1193050,41364,20700,0.42
USGS,1193050,41365,25300,0.4
USGS,1193050,41366,31100,0.37
USGS,1193050,41367,35400,0.34
USGS,1193050,41368,33000,0.32
USGS,1193050,41369,29200,0.32
USGS,1193050,41370,25700,0.32
USGS,1193050,41371,24200,0.32
USGS,1193050,41372,24700,0.32
USGS,1193050,41373,25900,0.32
USGS,1193050,41374,33400,0.31
USGS,1193050,41375,46300,0.28
USGS,1193050,41376,58100,0.26
USGS,1193050,41377,60200,0.26
USGS,1193050,41378,54000,0.28
USGS,1193050,41379,48600,0.28
USGS,1193050,41380,44500,0.28
USGS,1193050,41381,42000,0.28
USGS,1193050,41382,43200,0.28
USGS,1193050,41383,46000,0.27
USGS,1193050,41384,48000,0.27
USGS,1193050,41385,53900,0.29
USGS,1193050,41386,59700,0.27
USGS,1193050,41387,55500,0.28
USGS,1193050,41388,46400,0.27
USGS,1193050,41389,37400,0.25
USGS,1193050,41390,29800,0.27
USGS,1193050,41391,27200,0.27
USGS,1193050,41392,24600,0.27
USGS,1193050,41393,21200,0.28
USGS,1193050,41394,19600,0.29
USGS,1193050,41395,18000,0.3
USGS,1193050,41396,16800,0.33
USGS,1193050,41397,15500,0.33
USGS,1193050,41398,14000,0.33
USGS,1193050,41399,13400,0.33
USGS,1193050,41400,13100,0.34
USGS,1193050,41401,13600,0.37
USGS,1193050,41402,13200,0.37
USGS,1193050,41403,12800,0.37
USGS,1193050,41404,14400,0.37
USGS,1193050,41405,16400,0.37
USGS,1193050,41406,18900,0.35
USGS,1193050,41407,18000,0.34
USGS,1193050,41408,16300,0.33
USGS,1193050,41409,15800,0.32
USGS,1193050,41410,16200,0.32
USGS,1193050,41411,14200,0.31
USGS,1193050,41412,12000,0.32
USGS,1193050,41413,10700,0.33
USGS,1193050,41414,10100,0.34
USGS,1193050,41415,11900,0.34
USGS,1193050,41416,14300,0.36
USGS,1193050,41417,23400,0.35
USGS,1193050,41418,40000,0.31
USGS,1193050,41419,50500,0.26
USGS,1193050,41420,56900,0.23
USGS,1193050,41421,64500,0.18
USGS,1193050,41422,67300,0.17
USGS,1193050,41423,63600,0.17
USGS,1193050,41424,58600,0.19
USGS,1193050,41425,52300,0.2
USGS,1193050,41426,42500,0.2
USGS,1193050,41427,32600,0.2
USGS,1193050,41428,29300,0.22
USGS,1193050,41429,28600,0.26
USGS,1193050,41430,26700,0.26
USGS,1193050,41431,25300,0.25
USGS,1193050,41432,27000,0.26
USGS,1193050,41433,39600,0.29
USGS,1193050,41434,47700,0.28
USGS,1193050,41435,48600,0.22
USGS,1193050,41436,50600,0.22
USGS,1193050,41437,58400,0.23
USGS,1193050,41438,68500,0.17
USGS,1193050,41439,77900,0.18
USGS,1193050,41440,80300,0.18
USGS,1193050,41441,71700,0.18
USGS,1193050,41442,56400,0.19
USGS,1193050,41443,42800,0.22
USGS,1193050,41444,37100,0.25
USGS,1193050,41445,34600,0.25
USGS,1193050,41446,29400,0.25
USGS,1193050,41447,23600,0.27
USGS,1193050,41448,19000,0.3
USGS,1193050,41449,17700,0.33
USGS,1193050,41450,19200,0.35
USGS,1193050,41451,20900,0.34
USGS,1193050,41452,22100,0.3
USGS,1193050,41453,28700,0.3
USGS,1193050,41454,40500,0.29
USGS,1193050,41455,45600,0.24
USGS,1193050,41456,40300,0.23
USGS,1193050,41457,38200,0.24
USGS,1193050,41458,41700,0.24
USGS,1193050,41459,52700,0.2
USGS,1193050,41460,58200,0.19
USGS,1193050,41461,52600,0.19
USGS,1193050,41462,43400,0.2
USGS,1193050,41463,36000,0.22
USGS,1193050,41464,30400,0.24
USGS,1193050,41465,27800,0.27
USGS,1193050,41466,30200,0.3
USGS,1193050,41467,33900,0.3
USGS,1193050,41468,32800,0.27
USGS,1193050,41469,26400,0.27
USGS,1193050,41470,22200,0.3
USGS,1193050,41471,19900,0.31
USGS,1193050,41472,17800,0.32
USGS,1193050,41473,15600,0.34
USGS,1193050,41474,14500,0.35
USGS,1193050,41475,15600,0.35
USGS,1193050,41476,16500,0.35
USGS,1193050,41477,15400,0.34
USGS,1193050,41478,16900,0.31
USGS,1193050,41479,23500,0.34
USGS,1193050,41480,27200,0.35
USGS,1193050,41481,23000,0.32
USGS,1193050,41482,16800,0.33
USGS,1193050,41483,14400,0.35
USGS,1193050,41484,13000,0.36
USGS,1193050,41485,12400,0.38
USGS,1193050,41486,12000,0.39
USGS,1193050,41487,10500,0.39
USGS,1193050,41488,9830,0.39
USGS,1193050,41489,9610,0.41
USGS,1193050,41490,9760,0.46
USGS,1193050,41491,8390,0.46
USGS,1193050,41492,8800,0.45
USGS,1193050,41493,8030,0.43
USGS,1193050,41494,8730,0.44
USGS,1193050,41495,12700,0.43
USGS,1193050,41496,20700,0.43
USGS,1193050,41497,23200,0.41
USGS,1193050,41498,18300,0.33
USGS,1193050,41499,13500,0.31
USGS,1193050,41500,13300,0.32
USGS,1193050,41501,11800,0.34
USGS,1193050,41502,9930,0.38
USGS,1193050,41503,7620,0.39
USGS,1193050,41504,7320,0.4
USGS,1193050,41505,8060,0.42
USGS,1193050,41506,7570,0.44
USGS,1193050,41507,6430,0.42
USGS,1193050,41508,8060,0.42
USGS,1193050,41509,8220,0.44
USGS,1193050,41510,6730,0.45
USGS,1193050,41511,5850,0.44
USGS,1193050,41512,5920,0.43
USGS,1193050,41513,7680,0.49
USGS,1193050,41514,7240,0.5
USGS,1193050,41515,6300,0.51
USGS,1193050,41516,5750,0.5
USGS,1193050,41517,5800,0.5
USGS,1193050,41518,7210,0.52
USGS,1193050,41519,8680,0.54
USGS,1193050,41520,11700,0.54
USGS,1193050,41521,12900,0.51
USGS,1193050,41522,11100,0.44
USGS,1193050,41523,8430,0.43
USGS,1193050,41524,6540,0.44
USGS,1193050,41525,7390,0.45
USGS,1193050,41526,8740,0.49
USGS,1193050,41527,7530,0.53
USGS,1193050,41528,6040,0.53
USGS,1193050,41529,7180,0.52
USGS,1193050,41530,11600,0.56
USGS,1193050,41531,18500,0.56
USGS,1193050,41532,21400,0.42
USGS,1193050,41533,20700,0.36
USGS,1193050,41534,17900,0.33
USGS,1193050,41535,15900,0.34
USGS,1193050,41536,13000,0.33
USGS,1193050,41537,9870,0.35
USGS,1193050,41538,8950,0.37
USGS,1193050,41539,9600,0.4
USGS,1193050,41540,10100,0.42
USGS,1193050,41541,12800,0.48
USGS,1193050,41542,11300,0.46
USGS,1193050,41543,9970,0.41
USGS,1193050,41544,8970,0.42
USGS,1193050,41545,7300,0.41
USGS,1193050,41546,6990,0.43
USGS,1193050,41547,7390,0.46
USGS,1193050,41548,7570,0.49
USGS,1193050,41549,7540,0.5
USGS,1193050,41550,7970,0.48
USGS,1193050,41551,7050,0.47
USGS,1193050,41552,7060,0.47
USGS,1193050,41553,7450,0.47
USGS,1193050,41554,8090,0.49
USGS,1193050,41555,9640,0.5
USGS,1193050,41556,10100,0.51
USGS,1193050,41557,11500,0.5
USGS,1193050,41558,10600,0.45
USGS,1193050,41559,8940,0.43
USGS,1193050,41560,7290,0.43
USGS,1193050,41561,6020,0.43
USGS,1193050,41562,6280,0.45
USGS,1193050,41563,6720,0.48
USGS,1193050,41564,6990,0.3
USGS,1193050,41565,7680,0.3
USGS,1193050,41566,7010,0.48
USGS,1193050,41567,7980,0.5
USGS,1193050,41568,7940,0.5
USGS,1193050,41569,7350,0.49
USGS,1193050,41570,7280,0.47
USGS,1193050,41571,8400,0.46
USGS,1193050,41572,7760,0.45
USGS,1193050,41573,6620,0.46
USGS,1193050,41574,7250,0.46
USGS,1193050,41575,6960,0.47
USGS,1193050,41576,5870,0.48
USGS,1193050,41577,6380,0.47
USGS,1193050,41578,6450,0.47
USGS,1193050,41579,6360,0.48
USGS,1193050,41580,8640,0.46
USGS,1193050,41581,15000,0.48
USGS,1193050,41582,15200,0.4
USGS,1193050,41583,11500,0.34
USGS,1193050,41584,8830,0.35
USGS,1193050,41585,7790,0.34
USGS,1193050,41586,8180,0.37
USGS,1193050,41587,8710,0.4
USGS,1193050,41588,9440,0.44
USGS,1193050,41589,9180,0.43
USGS,1193050,41590,9140,0.43
USGS,1193050,41591,9010,0.43
USGS,1193050,41592,9990,0.43
USGS,1193050,41593,9820,0.43
USGS,1193050,41594,8870,0.42
USGS,1193050,41595,5800,0.42
USGS,1193050,41596,6250,0.42
USGS,1193050,41597,9100,0.44
USGS,1193050,41598,10900,0.5
USGS,1193050,41599,12000,0.48
USGS,1193050,41600,11300,0.44
USGS,1193050,41601,10700,0.42
USGS,1193050,41602,10700,0.43
USGS,1193050,41603,9180,0.46
USGS,1193050,41604,10300,0.46
USGS,1193050,41605,14700,0.44
USGS,1193050,41606,23900,0.49
USGS,1193050,41607,28000,0.42
USGS,1193050,41608,26800,0.34
USGS,1193050,41609,20400,0.33
USGS,1193050,41610,13000,0.35
USGS,1193050,41611,11900,0.37
USGS,1193050,41612,13700,0.41
USGS,1193050,41613,14400,0.41
USGS,1193050,41614,14900,0.39
USGS,1193050,41615,14300,0.39
USGS,1193050,41616,15200,0.43
USGS,1193050,41617,15900,0.41
USGS,1193050,41618,16800,0.41
USGS,1193050,41619,13300,0.41
USGS,1193050,41620,9750,0.41
USGS,1193050,41621,11100,0.45
USGS,1193050,41622,8370,0.48
USGS,1193050,41623,7000,0.47
USGS,1193050,41624,6580,0.49
USGS,1193050,41625,4970,0.51
USGS,1193050,41626,5880,0.52
USGS,1193050,41627,6710,0.56
USGS,1193050,41628,7430,0.58
USGS,1193050,41629,10000,0.58
USGS,1193050,41630,12300,0.55
USGS,1193050,41631,19600,0.55
USGS,1193050,41632,35300,0.48
USGS,1193050,41633,42100,0.36
USGS,1193050,41634,34800,0.37
USGS,1193050,41635,27100,0.38
USGS,1193050,41636,22600,0.38
USGS,1193050,41637,19700,0.4
USGS,1193050,41638,22000,0.43
USGS,1193050,41639,23100,0.46
USGS,1193050,41640,20000,0.41
USGS,1193050,41641,14300,0.4
USGS,1193050,41642,7460,0.42
USGS,1193050,41643,6740,0.43
USGS,1193050,41644,10300,0.48
USGS,1193050,41645,14900,0.53
USGS,1193050,41646,17900,0.52
USGS,1193050,41647,19800,0.52
USGS,1193050,41648,21500,0.43
USGS,1193050,41649,19200,0.39
USGS,1193050,41650,20000,0.43
USGS,1193050,41651,27700,0.45
USGS,1193050,41652,38500,0.3
USGS,1193050,41653,48800,0.3
USGS,1193050,41654,52600,0.3
USGS,1193050,41655,52500,0.3
USGS,1193050,41656,51200,0.3
USGS,1193050,41657,47100,0.3
USGS,1193050,41658,39900,0.3
USGS,1193050,41659,33200,0.3
USGS,1193050,41660,28600,0.3
USGS,1193050,41661,21000,0.3
USGS,1193050,41662,13200,0.3
USGS,1193050,41663,12100,0.3
USGS,1193050,41664,15200,0.3
USGS,1193050,41665,17000,0.3
USGS,1193050,41666,15900,0.3
USGS,1193050,41667,15500,0.3
USGS,1193050,41668,15800,0.3
USGS,1193050,41669,16300,0.3
USGS,1193050,41670,15700,0.3
USGS,1193050,41671,14300,0.3
USGS,1193050,41672,13800,0.3
USGS,1193050,41673,13500,0.3
USGS,1193050,41674,13700,0.3
USGS,1193050,41675,12800,0.3
USGS,1193050,41676,13200,0.3
USGS,1193050,41677,14500,0.3
USGS,1193050,41678,12800,0.3
USGS,1193050,41679,11900,0.3
USGS,1193050,41680,11300,0.3
USGS,1193050,41681,11300,0.3
USGS,1193050,41682,11800,0.3
USGS,1193050,41683,11000,0.3
USGS,1193050,41684,11200,0.3
USGS,1193050,41685,9660,0.3
USGS,1193050,41686,11800,0.3
USGS,1193050,41687,12000,0.3
USGS,1193050,41688,9680,0.3
USGS,1193050,41689,10900,0.3
USGS,1193050,41690,11300,0.3
USGS,1193050,41691,10700,0.3
USGS,1193050,41692,12000,0.3
USGS,1193050,41693,13600,0.3
USGS,1193050,41694,16200,0.3
USGS,1193050,41695,17100,0.3
USGS,1193050,41696,15200,0.3
USGS,1193050,41697,14200,0.3
USGS,1193050,41698,13600,0.3
USGS,1193050,41699,13300,0.3
USGS,1193050,41700,13900,0.3
USGS,1193050,41701,11100,0.3
USGS,1193050,41702,10100,0.3
USGS,1193050,41703,11400,0.3
USGS,1193050,41704,10600,0.3
USGS,1193050,41705,10500,0.3
USGS,1193050,41706,10300,0.3
USGS,1193050,41707,9890,0.3
USGS,1193050,41708,8850,0.3
USGS,1193050,41709,10200,0.3
USGS,1193050,41710,12900,0.3
USGS,1193050,41711,17100,0.3
USGS,1193050,41712,15700,0.3
USGS,1193050,41713,15900,0.59
USGS,1193050,41714,14200,0.56
USGS,1193050,41715,12900,0.55
USGS,1193050,41716,14700,0.57
USGS,1193050,41717,13500,0.3
USGS,1193050,41718,15500,0.3
USGS,1193050,41719,16900,0.3
USGS,1193050,41720,16000,0.3
USGS,1193050,41721,15600,0.3
USGS,1193050,41722,14100,0.3
USGS,1193050,41723,13500,0.3
USGS,1193050,41724,14100,0.3
USGS,1193050,41725,12600,0.3
USGS,1193050,41726,10300,0.51
USGS,1193050,41727,9940,0.53
USGS,1193050,41728,33600,0.53
USGS,1193050,41729,56200,0.43
USGS,1193050,41730,66500,0.34
USGS,1193050,41731,66600,0.32
USGS,1193050,41732,58200,0.33
USGS,1193050,41733,52700,0.32
USGS,1193050,41734,52400,0.31
USGS,1193050,41735,53900,0.31
USGS,1193050,41736,53900,0.3
USGS,1193050,41737,54300,0.3
USGS,1193050,41738,60000,0.3
USGS,1193050,41739,68700,0.26
USGS,1193050,41740,72400,0.26
USGS,1193050,41741,72500,0.27
USGS,1193050,41742,75600,0.26
USGS,1193050,41743,76400,0.26
USGS,1193050,41744,81400,0.27
USGS,1193050,41745,88700,0.28
USGS,1193050,41746,93200,0.28
USGS,1193050,41747,95600,0.29
USGS,1193050,41748,93500,0.28
USGS,1193050,41749,88100,0.27
USGS,1193050,41750,76700,0.28
USGS,1193050,41751,61300,0.29
USGS,1193050,41752,50500,0.29
USGS,1193050,41753,44200,0.3
USGS,1193050,41754,40600,0.32
USGS,1193050,41755,39300,0.34
USGS,1193050,41756,40400,0.35
USGS,1193050,41757,41200,0.35
USGS,1193050,41758,38500,0.33
USGS,1193050,41759,38400,0.33
USGS,1193050,41760,49900,0.33
USGS,1193050,41761,61600,0.31
USGS,1193050,41762,63900,0.27
USGS,1193050,41763,59100,0.26
USGS,1193050,41764,51500,0.27
USGS,1193050,41765,47300,0.29
USGS,1193050,41766,46100,0.29
USGS,1193050,41767,42500,0.29
USGS,1193050,41768,35800,0.31
USGS,1193050,41769,31900,0.32
USGS,1193050,41770,30400,0.33
USGS,1193050,41771,28000,0.34
USGS,1193050,41772,27900,0.34
USGS,1193050,41773,28100,0.33
USGS,1193050,41774,24700,0.33
USGS,1193050,41775,21900,0.34
USGS,1193050,41776,30500,0.36
USGS,1193050,41777,42500,0.35
USGS,1193050,41778,48800,0.27
USGS,1193050,41779,46100,0.25
USGS,1193050,41780,38100,0.25
USGS,1193050,41781,32800,0.26
USGS,1193050,41782,30600,0.28
USGS,1193050,41783,32600,0.3
USGS,1193050,41784,38200,0.3
USGS,1193050,41785,37400,0.26
USGS,1193050,41786,32300,0.25
USGS,1193050,41787,30100,0.26
USGS,1193050,41788,31200,0.26
USGS,1193050,41789,35300,0.27
USGS,1193050,41790,36500,0.25
USGS,1193050,41791,31300,0.25
USGS,1193050,41792,25000,0.27
USGS,1193050,41793,22600,0.29
USGS,1193050,41794,22000,0.29
USGS,1193050,41795,22300,0.3
USGS,1193050,41796,19700,0.32
USGS,1193050,41797,15500,0.32
USGS,1193050,41798,13800,0.34
USGS,1193050,41799,14000,0.35
USGS,1193050,41800,13100,0.37
USGS,1193050,41801,11400,0.37
USGS,1193050,41802,10700,0.4
USGS,1193050,41803,11600,0.42
USGS,1193050,41804,16400,0.45
USGS,1193050,41805,21700,0.44
USGS,1193050,41806,22200,0.35
USGS,1193050,41807,19900,0.3
USGS,1193050,41808,16100,0.3
USGS,1193050,41809,13900,0.31
USGS,1193050,41810,12200,0.34
USGS,1193050,41811,10700,0.32
USGS,1193050,41812,10900,0.3
USGS,1193050,41813,10200,0.31
USGS,1193050,41814,9230,0.3
USGS,1193050,41815,8040,0.28
USGS,1193050,41816,13800,0.28
USGS,1193050,41817,28200,0.33
USGS,1193050,41818,30900,0.24
USGS,1193050,41819,24300,0.23
USGS,1193050,41820,17800,0.26
USGS,1193050,41821,13800,0.26
USGS,1193050,41822,11100,0.27
USGS,1193050,41823,13200,0.28
USGS,1193050,41824,20100,0.35
USGS,1193050,41825,26300,0.33
USGS,1193050,41826,27900,0.26
USGS,1193050,41827,22900,0.24
USGS,1193050,41828,19700,0.24
USGS,1193050,41829,19100,0.26
USGS,1193050,41830,18600,0.26
USGS,1193050,41831,17700,0.27
USGS,1193050,41832,15000,0.27
USGS,1193050,41833,13400,0.27
USGS,1193050,41834,13000,0.28
USGS,1193050,41835,13300,0.29
USGS,1193050,41836,15000,0.33
USGS,1193050,41837,20400,0.34
USGS,1193050,41838,21700,0.28
USGS,1193050,41839,17200,0.26
USGS,1193050,41840,13200,0.24
USGS,1193050,41841,12200,0.24
USGS,1193050,41842,12200,0.25
USGS,1193050,41843,11600,0.25
USGS,1193050,41844,11300,0.26
USGS,1193050,41845,12300,0.27
USGS,1193050,41846,12100,0.3
USGS,1193050,41847,11100,0.28
USGS,1193050,41848,13500,0.28
USGS,1193050,41849,20800,0.29
USGS,1193050,41850,26900,0.25
USGS,1193050,41851,25800,0.23
USGS,1193050,41852,19100,0.23
USGS,1193050,41853,13700,0.24
USGS,1193050,41854,8570,0.25
USGS,1193050,41855,5290,0.25
USGS,1193050,41856,5110,0.27
USGS,1193050,41857,6280,0.29
USGS,1193050,41858,7680,0.29
USGS,1193050,41859,8220,0.29
USGS,1193050,41860,8390,0.28
USGS,1193050,41861,7880,0.27
USGS,1193050,41862,7880,0.26
USGS,1193050,41863,9070,0.27
USGS,1193050,41864,12000,0.28
USGS,1193050,41865,22100,0.29
USGS,1193050,41866,26700,0.26
USGS,1193050,41867,20300,0.24
USGS,1193050,41868,16500,0.24
USGS,1193050,41869,14200,0.25
USGS,1193050,41870,11000,0.26
USGS,1193050,41871,9680,0.29
USGS,1193050,41872,9920,0.3
USGS,1193050,41873,10300,0.31
USGS,1193050,41874,12000,0.32
USGS,1193050,41875,12900,0.33
USGS,1193050,41876,11300,0.31
USGS,1193050,41877,10300,0.3
USGS,1193050,41878,9260,0.3
USGS,1193050,41879,7990,0.29
USGS,1193050,41880,7250,0.29
USGS,1193050,41881,5800,0.3
USGS,1193050,41882,5580,0.31
USGS,1193050,41883,6890,0.33
USGS,1193050,41884,8120,0.38
USGS,1193050,41885,8600,0.43
USGS,1193050,41886,6780,0.41
USGS,1193050,41887,6930,0.37
USGS,1193050,41888,8450,0.35
USGS,1193050,41889,7900,0.35
USGS,1193050,41890,5640,0.33
USGS,1193050,41891,5280,0.32
USGS,1193050,41892,5580,0.33
USGS,1193050,41893,6410,0.37
USGS,1193050,41894,6470,0.43
USGS,1193050,41895,5450,0.45
USGS,1193050,41896,6450,0.44
USGS,1193050,41897,5830,0.47
USGS,1193050,41898,5400,0.48
USGS,1193050,41899,5520,0.47
USGS,1193050,41900,5790,0.5
USGS,1193050,41901,5300,0.52
USGS,1193050,41902,5690,0.52
USGS,1193050,41903,6170,0.51
USGS,1193050,41904,6590,0.49
USGS,1193050,41905,5100,0.48
USGS,1193050,41906,4290,0.48
USGS,1193050,41907,5230,0.48
USGS,1193050,41908,5240,0.5
USGS,1193050,41909,4520,0.52
USGS,1193050,41910,3700,0.51
USGS,1193050,41911,4030,0.51
USGS,1193050,41912,5000,0.52
USGS,1193050,41913,5730,0.53
USGS,1193050,41914,4610,0.56
USGS,1193050,41915,4140,0.55
USGS,1193050,41916,5170,0.54
USGS,1193050,41917,8000,0.53
USGS,1193050,41918,10100,0.56
USGS,1193050,41919,10000,0.55
USGS,1193050,41920,8850,0.49
USGS,1193050,41921,8580,0.45
USGS,1193050,41922,7330,0.42
USGS,1193050,41923,7440,0.4
USGS,1193050,41924,7800,0.39
USGS,1193050,41925,6610,0.4
USGS,1193050,41926,6660,0.4
USGS,1193050,41927,6010,0.4
USGS,1193050,41928,8530,0.4
USGS,1193050,41929,14600,0.42
USGS,1193050,41930,17300,0.39
USGS,1193050,41931,16400,0.31
USGS,1193050,41932,11900,0.27
USGS,1193050,41933,10100,0.27
USGS,1193050,41934,9770,0.29
USGS,1193050,41935,15000,0.3
USGS,1193050,41936,29100,0.3
USGS,1193050,41937,35900,0.19
USGS,1193050,41938,30200,0.18
USGS,1193050,41939,25100,0.19
USGS,1193050,41940,21800,0.19
USGS,1193050,41941,18200,0.18
USGS,1193050,41942,16400,0.2
USGS,1193050,41943,14500,0.21
USGS,1193050,41944,13600,0.22
USGS,1193050,41945,15400,0.24
USGS,1193050,41946,13000,0.26
USGS,1193050,41947,11400,0.27
USGS,1193050,41948,12300,0.28
USGS,1193050,41949,10800,0.28
USGS,1193050,41950,10200,0.29
USGS,1193050,41951,9930,0.31
USGS,1193050,41952,9660,0.34
USGS,1193050,41953,9910,0.34
USGS,1193050,41954,9920,0.34
USGS,1193050,41955,9860,0.33
USGS,1193050,41956,9890,0.33
USGS,1193050,41957,9860,0.35
USGS,1193050,41958,9310,0.36
USGS,1193050,41959,7820,0.37
USGS,1193050,41960,8820,0.37
USGS,1193050,41961,14000,0.38
USGS,1193050,41962,15500,0.4
USGS,1193050,41963,15500,0.37
USGS,1193050,41964,12600,0.33
USGS,1193050,41965,10300,0.32
USGS,1193050,41966,9080,0.35
USGS,1193050,41967,9250,0.36
USGS,1193050,41968,15100,0.38
USGS,1193050,41969,17800,0.37
USGS,1193050,41970,21200,0.33
USGS,1193050,41971,19500,0.29
USGS,1193050,41972,16100,0.29
USGS,1193050,41973,15300,0.3
USGS,1193050,41974,13700,0.32
USGS,1193050,41975,12900,0.35
USGS,1193050,41976,18000,0.37
USGS,1193050,41977,22000,0.33
USGS,1193050,41978,20800,0.31
USGS,1193050,41979,21600,0.31
USGS,1193050,41980,21800,0.33
USGS,1193050,41981,23400,0.34
USGS,1193050,41982,27400,0.3
USGS,1193050,41983,35500,0.32
USGS,1193050,41984,40900,0.3
USGS,1193050,41985,39200,0.26
USGS,1193050,41986,35100,0.27
USGS,1193050,41987,30300,0.26
USGS,1193050,41988,25300,0.28
USGS,1193050,41989,23500,0.29
USGS,1193050,41990,22900,0.3
USGS,1193050,41991,22700,0.33
USGS,1193050,41992,24600,0.33
USGS,1193050,41993,26500,0.3
USGS,1193050,41994,25300,0.29
USGS,1193050,41995,22200,0.3
USGS,1193050,41996,20100,0.31
USGS,1193050,41997,21100,0.33
USGS,1193050,41998,30100,0.34
USGS,1193050,41999,42500,0.28
USGS,1193050,42000,52700,0.21
USGS,1193050,42001,53400,0.21
USGS,1193050,42002,48200,0.23
USGS,1193050,42003,45200,0.23
USGS,1193050,42004,41300,0.24
USGS,1193050,42005,33400,0.26
USGS,1193050,42006,25300,0.28
USGS,1193050,42007,19300,0.3
USGS,1193050,42008,20200,0.32
USGS,1193050,42009,22200,0.35
USGS,1193050,42010,18900,0.36
USGS,1193050,42011,17200,0.37
USGS,1193050,42012,16700,0.37
USGS,1193050,42013,21500,0.38
USGS,1193050,42014,19100,0.39
USGS,1193050,42015,18700,0.39
USGS,1193050,42016,16400,0.42
USGS,1193050,42017,15700,0.43
USGS,1193050,42018,16700,0.45
USGS,1193050,42019,17800,0.47
USGS,1193050,42020,15000,0.46
USGS,1193050,42021,12400,0.47
USGS,1193050,42022,12100,0.48
USGS,1193050,42023,18100,0.51
USGS,1193050,42024,24300,0.51
USGS,1193050,42025,28700,0.42
USGS,1193050,42026,28800,0.38
USGS,1193050,42027,26600,0.37
USGS,1193050,42028,21900,0.38
USGS,1193050,42029,20100,0.4
USGS,1193050,42030,16000,0.42
USGS,1193050,42031,13100,0.42
USGS,1193050,42032,13800,0.43
USGS,1193050,42033,14100,0.46
USGS,1193050,42034,14900,0.47
USGS,1193050,42035,13800,0.49
USGS,1193050,42036,11800,0.49
USGS,1193050,42037,10200,0.49
USGS,1193050,42038,9810,0.51
USGS,1193050,42039,10800,0.53
USGS,1193050,42040,10600,0.51
USGS,1193050,42041,8900,0.5
USGS,1193050,42042,9980,0.53
USGS,1193050,42043,10800,0.51
USGS,1193050,42044,9620,0.49
USGS,1193050,42045,9000,0.5
USGS,1193050,42046,9950,0.52
USGS,1193050,42047,9670,0.52
USGS,1193050,42048,8360,0.52
USGS,1193050,42049,7740,0.53
USGS,1193050,42050,9820,0.55
USGS,1193050,42051,10000,0.55
USGS,1193050,42052,11000,0.54
USGS,1193050,42053,11900,0.53
USGS,1193050,42054,11400,0.51
USGS,1193050,42055,10300,0.52
USGS,1193050,42056,10600,0.55
USGS,1193050,42057,12100,0.55
USGS,1193050,42058,10600,0.53
USGS,1193050,42059,8490,0.52
USGS,1193050,42060,10300,0.54
USGS,1193050,42061,11700,0.57
USGS,1193050,42062,10500,0.55
USGS,1193050,42063,9060,0.54
USGS,1193050,42064,9740,0.54
USGS,1193050,42065,9060,0.54
USGS,1193050,42066,7660,0.55
USGS,1193050,42067,8830,0.56
USGS,1193050,42068,8730,0.58
USGS,1193050,42069,8780,0.59
USGS,1193050,42070,11000,0.61
USGS,1193050,42071,10500,0.59
USGS,1193050,42072,8460,0.57
USGS,1193050,42073,8010,0.58
USGS,1193050,42074,10900,0.6
USGS,1193050,42075,12400,0.63
USGS,1193050,42076,12300,0.64
USGS,1193050,42077,15200,0.62
USGS,1193050,42078,17000,0.58
USGS,1193050,42079,15000,0.57
USGS,1193050,42080,17200,0.57
USGS,1193050,42081,17600,0.55
USGS,1193050,42082,15500,0.56
USGS,1193050,42083,14300,0.54
USGS,1193050,42084,13600,0.53
USGS,1193050,42085,13300,0.53
USGS,1193050,42086,10700,0.55
USGS,1193050,42087,9780,0.3
USGS,1193050,42088,11400,0.3
USGS,1193050,42089,12200,0.3
USGS,1193050,42090,16700,0.3
USGS,1193050,42091,22300,0.3
USGS,1193050,42092,23900,0.3
USGS,1193050,42093,21000,0.3
USGS,1193050,42094,18600,0.3
USGS,1193050,42095,17500,0.3
USGS,1193050,42096,18400,0.3
USGS,1193050,42097,21000,0.3
USGS,1193050,42098,28000,0.3
USGS,1193050,42099,37300,0.3
USGS,1193050,42100,42400,0.3
USGS,1193050,42101,39400,0.3
USGS,1193050,42102,35500,0.3
USGS,1193050,42103,35100,0.3
USGS,1193050,42104,35500,0.3
USGS,1193050,42105,35800,0.3
USGS,1193050,42106,38400,0.3
USGS,1193050,42107,43600,0.3
USGS,1193050,42108,51000,0.3
USGS,1193050,42109,61700,0.3
USGS,1193050,42110,73700,0.3
USGS,1193050,42111,79100,0.3
USGS,1193050,42112,76000,0.3
USGS,1193050,42113,70300,0.3
USGS,1193050,42114,67000,0.3
USGS,1193050,42115,67900,0.3
USGS,1193050,42116,69400,0.3
USGS,1193050,42117,71500,0.3
USGS,1193050,42118,71100,0.3
USGS,1193050,42119,67400,0.3
USGS,1193050,42120,59600,0.3
USGS,1193050,42121,48800,0.3
USGS,1193050,42122,37200,0.3
USGS,1193050,42123,30600,0.3
USGS,1193050,42124,29700,0.3
USGS,1193050,42125,29800,0.3
USGS,1193050,42126,29500,0.3
USGS,1193050,42127,26400,0.3
USGS,1193050,42128,22000,0.3
USGS,1193050,42129,20100,0.3
USGS,1193050,42130,19100,0.3
USGS,1193050,42131,20000,0.3
USGS,1193050,42132,21800,0.3
USGS,1193050,42133,21300,0.3
USGS,1193050,42134,17000,0.3
USGS,1193050,42135,14500,0.3
USGS,1193050,42136,16300,0.32
USGS,1193050,42137,17300,0.32
USGS,1193050,42138,18000,0.32
USGS,1193050,42139,18500,0.32
USGS,1193050,42140,18500,0.32
USGS,1193050,42141,17400,0.32
USGS,1193050,42142,14800,0.3
USGS,1193050,42143,13900,0.31
USGS,1193050,42144,13500,0.3
USGS,1193050,42145,12100,0.3
USGS,1193050,42146,11000,0.3
USGS,1193050,42147,10300,0.3
USGS,1193050,42148,8590,0.3
USGS,1193050,42149,7750,0.3
USGS,1193050,42150,8180,0.3
USGS,1193050,42151,9100,0.3
USGS,1193050,42152,8870,0.3
USGS,1193050,42153,7720,0.3
USGS,1193050,42154,8350,0.3
USGS,1193050,42155,10700,0.3
USGS,1193050,42156,13800,0.3
USGS,1193050,42157,23500,0.3
USGS,1193050,42158,36800,0.3
USGS,1193050,42159,39200,0.3
USGS,1193050,42160,30300,0.3
USGS,1193050,42161,22000,0.3
USGS,1193050,42162,17100,0.3
USGS,1193050,42163,14700,0.3
USGS,1193050,42164,15100,0.3
USGS,1193050,42165,14800,0.25
USGS,1193050,42166,19000,0.27
USGS,1193050,42167,24900,0.25
USGS,1193050,42168,24600,0.2
USGS,1193050,42169,20200,0.2
USGS,1193050,42170,22100,0.2
USGS,1193050,42171,28400,0.22
USGS,1193050,42172,27200,0.2
USGS,1193050,42173,22400,0.19
USGS,1193050,42174,18700,0.19
USGS,1193050,42175,17000,0.2
USGS,1193050,42176,16300,0.21
USGS,1193050,42177,18800,0.25
USGS,1193050,42178,24300,0.25
USGS,1193050,42179,29600,0.2
USGS,1193050,42180,34700,0.16
USGS,1193050,42181,34200,0.15
USGS,1193050,42182,27200,0.15
USGS,1193050,42183,23900,0.16
USGS,1193050,42184,27100,0.19
USGS,1193050,42185,33500,0.18
USGS,1193050,42186,35000,0.14
USGS,1193050,42187,35100,0.15
USGS,1193050,42188,35400,0.14
USGS,1193050,42189,32000,0.13
USGS,1193050,42190,25900,0.13
USGS,1193050,42191,20700,0.16
USGS,1193050,42192,18100,0.18
USGS,1193050,42193,16900,0.19
USGS,1193050,42194,15100,0.19
USGS,1193050,42195,15500,0.21
USGS,1193050,42196,17000,0.22
USGS,1193050,42197,14900,0.22
USGS,1193050,42198,12700,0.2
USGS,1193050,42199,13500,0.2
USGS,1193050,42200,13300,0.21
USGS,1193050,42201,11000,0.2
USGS,1193050,42202,9140,0.18
USGS,1193050,42203,8810,0.18
USGS,1193050,42204,9180,0.2
USGS,1193050,42205,10700,0.2
USGS,1193050,42206,15100,0.24
USGS,1193050,42207,18300,0.21
USGS,1193050,42208,16200,0.17
USGS,1193050,42209,13000,0.14
USGS,1193050,42210,11300,0.14
USGS,1193050,42211,8310,0.14
USGS,1193050,42212,7300,0.15
USGS,1193050,42213,8050,0.15
USGS,1193050,42214,8840,0.15
USGS,1193050,42215,9010,0.18
USGS,1193050,42216,8400,0.2
USGS,1193050,42217,8550,0.18
USGS,1193050,42218,8430,0.18
USGS,1193050,42219,7630,0.15
USGS,1193050,42220,7600,0.12
USGS,1193050,42221,7680,0.13
USGS,1193050,42222,6220,0.13
USGS,1193050,42223,5280,0.12
USGS,1193050,42224,6280,0.11
USGS,1193050,42225,5520,0.13
USGS,1193050,42226,5080,0.13
USGS,1193050,42227,7020,0.14
USGS,1193050,42228,9870,0.16
USGS,1193050,42229,10800,0.2
USGS,1193050,42230,9740,0.22
USGS,1193050,42231,8270,0.16
USGS,1193050,42232,7640,0.13
USGS,1193050,42233,7050,0.12
USGS,1193050,42234,7530,0.13
USGS,1193050,42235,7650,0.14
USGS,1193050,42236,7460,0.14
USGS,1193050,42237,7290,0.14
USGS,1193050,42238,6300,0.18
USGS,1193050,42239,4500,0.19
USGS,1193050,42240,4360,0.21
USGS,1193050,42241,6360,0.24
USGS,1193050,42242,9530,0.28
USGS,1193050,42243,11500,0.29
USGS,1193050,42244,10100,0.31
USGS,1193050,42245,5100,0.27
USGS,1193050,42246,4170,0.25
USGS,1193050,42247,6660,0.24
USGS,1193050,42248,7340,0.26
USGS,1193050,42249,5630,0.27
USGS,1193050,42250,5060,0.25
USGS,1193050,42251,5860,0.24
USGS,1193050,42252,6690,0.24
USGS,1193050,42253,4950,0.28
USGS,1193050,42254,3610,0.27
USGS,1193050,42255,3940,0.26
USGS,1193050,42256,4460,0.24
USGS,1193050,42257,5580,0.27
USGS,1193050,42258,6320,0.31
USGS,1193050,42259,6150,0.34
USGS,1193050,42260,7190,0.36
USGS,1193050,42261,8560,0.37
USGS,1193050,42262,11700,0.38
USGS,1193050,42263,12100,0.34
USGS,1193050,42264,9840,0.29
USGS,1193050,42265,8350,0.27
USGS,1193050,42266,6680,0.26
USGS,1193050,42267,6990,0.26
USGS,1193050,42268,5860,0.26
USGS,1193050,42269,5440,0.27
USGS,1193050,42270,5250,0.29
USGS,1193050,42271,4350,0.3
USGS,1193050,42272,4700,0.32
USGS,1193050,42273,5630,0.34
USGS,1193050,42274,5240,0.38
USGS,1193050,42275,4710,0.39
USGS,1193050,42276,5170,0.39
USGS,1193050,42277,12400,0.36
USGS,1193050,42278,27100,0.32
USGS,1193050,42279,36900,0.16
USGS,1193050,42280,35600,0.13
USGS,1193050,42281,26300,0.15
USGS,1193050,42282,17000,0.17
USGS,1193050,42283,11900,0.18
USGS,1193050,42284,9000,0.21
USGS,1193050,42285,7550,0.21
USGS,1193050,42286,8040,0.24
USGS,1193050,42287,9220,0.27
USGS,1193050,42288,9200,0.31
USGS,1193050,42289,9660,0.32
USGS,1193050,42290,10700,0.31
USGS,1193050,42291,10100,0.29
USGS,1193050,42292,8330,0.28
USGS,1193050,42293,7840,0.3
USGS,1193050,42294,7620,0.31
USGS,1193050,42295,6580,0.33
USGS,1193050,42296,5770,0.34
USGS,1193050,42297,6430,0.35
USGS,1193050,42298,6730,0.36
USGS,1193050,42299,7210,0.39
USGS,1193050,42300,6920,0.38
USGS,1193050,42301,4960,0.37
USGS,1193050,42302,6380,0.36
USGS,1193050,42303,6320,0.37
USGS,1193050,42304,6110,0.38
USGS,1193050,42305,7550,0.39
USGS,1193050,42306,15500,0.39
USGS,1193050,42307,22400,0.33
USGS,1193050,42308,20800,0.24
USGS,1193050,42309,18200,0.2
USGS,1193050,42310,14500,0.2
USGS,1193050,42311,11400,0.2
USGS,1193050,42312,11300,0.22
USGS,1193050,42313,9840,0.25
USGS,1193050,42314,9440,0.26
USGS,1193050,42315,9830,0.28
USGS,1193050,42316,9040,0.3
USGS,1193050,42317,7840,0.31
USGS,1193050,42318,7190,0.3
USGS,1193050,42319,8430,0.32
USGS,1193050,42320,10900,0.34
USGS,1193050,42321,13000,0.35
USGS,1193050,42322,10200,0.35
USGS,1193050,42323,9760,0.35
USGS,1193050,42324,10900,0.33
USGS,1193050,42325,9320,0.32
USGS,1193050,42326,9210,0.32
USGS,1193050,42327,10300,0.34
USGS,1193050,42328,13800,0.33
USGS,1193050,42329,17300,0.35
USGS,1193050,42330,20200,0.31
USGS,1193050,42331,19100,0.27
USGS,1193050,42332,16800,0.26
USGS,1193050,42333,15200,0.25
USGS,1193050,42334,12700,0.26
USGS,1193050,42335,10200,0.28
USGS,1193050,42336,9390,0.29
USGS,1193050,42337,10700,0.32
USGS,1193050,42338,11000,0.35
USGS,1193050,42339,10600,0.37
USGS,1193050,42340,11200,0.36
USGS,1193050,42341,12600,0.36
USGS,1193050,42342,14400,0.37
USGS,1193050,42343,18200,0.37
USGS,1193050,42344,18600,0.32
USGS,1193050,42345,16600,0.3
USGS,1193050,42346,13700,0.29
USGS,1193050,42347,12900,0.3
USGS,1193050,42348,12300,0.32
USGS,1193050,42349,11400,0.33
USGS,1193050,42350,11500,0.34
USGS,1193050,42351,10200,0.36
USGS,1193050,42352,9080,0.36
USGS,1193050,42353,11500,0.36
USGS,1193050,42354,12300,0.39
USGS,1193050,42355,14700,0.38
USGS,1193050,42356,17200,0.36
USGS,1193050,42357,18400,0.35
USGS,1193050,42358,16800,0.33
USGS,1193050,42359,15800,0.32
USGS,1193050,42360,15900,0.31
USGS,1193050,42361,15500,0.31
USGS,1193050,42362,23700,0.32
USGS,1193050,42363,35100,0.3
USGS,1193050,42364,38600,0.25
USGS,1193050,42365,35400,0.23
USGS,1193050,42366,31300,0.24
USGS,1193050,42367,31200,0.24
USGS,1193050,42368,32300,0.23
USGS,1193050,42369,30200,0.24
USGS,1193050,42370,26100,0.26
USGS,1193050,42371,23500,0.27
USGS,1193050,42372,22100,0.28
USGS,1193050,42373,20300,0.28
USGS,1193050,42374,19300,0.29
USGS,1193050,42375,18400,0.3
USGS,1193050,42376,13600,0.32
USGS,1193050,42377,10700,0.32
USGS,1193050,42378,11500,0.36
USGS,1193050,42379,15800,0.38
USGS,1193050,42380,27800,0.42
USGS,1193050,42381,37800,0.35
USGS,1193050,42382,40000,0.28
USGS,1193050,42383,32200,0.28
USGS,1193050,42384,25800,0.28
USGS,1193050,42385,22900,0.29
USGS,1193050,42386,21800,0.32
USGS,1193050,42387,21800,0.34
USGS,1193050,42388,18400,0.35
USGS,1193050,42389,12300,0.36
USGS,1193050,42390,10100,0.36
USGS,1193050,42391,8320,0.37
USGS,1193050,42392,7540,0.38
USGS,1193050,42393,8670,0.4
USGS,1193050,42394,9580,0.42
USGS,1193050,42395,9770,0.43
USGS,1193050,42396,9650,0.45
USGS,1193050,42397,9270,0.46
USGS,1193050,42398,11500,0.47
USGS,1193050,42399,11400,0.45
USGS,1193050,42400,11100,0.45
USGS,1193050,42401,11200,0.46
USGS,1193050,42402,12000,0.47
USGS,1193050,42403,14900,0.47
USGS,1193050,42404,21000,0.46
USGS,1193050,42405,30400,0.41
USGS,1193050,42406,35300,0.34
USGS,1193050,42407,30000,0.31
USGS,1193050,42408,22900,0.31
USGS,1193050,42409,21700,0.3
USGS,1193050,42410,22400,0.3
USGS,1193050,42411,20200,0.31
USGS,1193050,42412,12900,0.32
USGS,1193050,42413,10700,0.35
USGS,1193050,42414,8710,0.38
USGS,1193050,42415,8830,0.39
USGS,1193050,42416,12600,0.42
USGS,1193050,42417,17900,0.43
USGS,1193050,42418,22700,0.46
USGS,1193050,42419,27500,0.38
USGS,1193050,42420,30200,0.34
USGS,1193050,42421,26400,0.34
USGS,1193050,42422,23700,0.36
USGS,1193050,42423,22900,0.36
USGS,1193050,42424,27300,0.34
USGS,1193050,42425,45600,0.37
USGS,1193050,42426,72300,0.27
USGS,1193050,42427,85300,0.21
USGS,1193050,42428,81600,0.21
USGS,1193050,42429,67700,0.25
USGS,1193050,42430,52900,0.25
USGS,1193050,42431,43400,0.28
USGS,1193050,42432,41100,0.29
USGS,1193050,42433,39000,0.29
USGS,1193050,42434,33700,0.29
USGS,1193050,42435,28600,0.31
USGS,1193050,42436,26500,0.32
USGS,1193050,42437,24800,0.3
USGS,1193050,42438,22700,0.3
USGS,1193050,42439,23300,0.3
USGS,1193050,42440,28500,0.3
USGS,1193050,42441,38200,0.29
USGS,1193050,42442,43400,0.25
USGS,1193050,42443,37700,0.26
USGS,1193050,42444,34900,0.25
USGS,1193050,42445,36400,0.26
USGS,1193050,42446,38000,0.24
USGS,1193050,42447,40100,0.23
USGS,1193050,42448,42400,0.21
USGS,1193050,42449,39600,0.22
USGS,1193050,42450,35100,0.22
USGS,1193050,42451,30600,0.24
USGS,1193050,42452,26300,0.26
USGS,1193050,42453,25100,0.27
USGS,1193050,42454,25200,0.27
USGS,1193050,42455,25000,0.27
USGS,1193050,42456,24600,0.28
USGS,1193050,42457,23900,0.28
USGS,1193050,42458,25500,0.3
USGS,1193050,42459,28700,0.31
USGS,1193050,42460,29600,0.27
USGS,1193050,42461,26700,0.26
USGS,1193050,42462,26900,0.26
USGS,1193050,42463,32500,0.25
USGS,1193050,42464,34300,0.25
USGS,1193050,42465,34600,0.24
USGS,1193050,42466,29900,0.25
USGS,1193050,42467,25200,0.26
USGS,1193050,42468,28300,0.29
USGS,1193050,42469,34400,0.28
USGS,1193050,42470,34800,0.24
USGS,1193050,42471,31000,0.24
USGS,1193050,42472,28800,0.24
USGS,1193050,42473,29500,0.26
USGS,1193050,42474,31900,0.25
USGS,1193050,42475,32500,0.23
USGS,1193050,42476,30700,0.22
USGS,1193050,42477,27300,0.24
USGS,1193050,42478,23500,0.25
USGS,1193050,42479,21900,0.26
USGS,1193050,42480,20500,0.27
USGS,1193050,42481,19500,0.28
USGS,1193050,42482,21300,0.29
USGS,1193050,42483,23200,0.28
USGS,1193050,42484,21500,0.28
USGS,1193050,42485,17600,0.28
USGS,1193050,42486,15700,0.29
USGS,1193050,42487,18000,0.31
USGS,1193050,42488,17700,0.32
USGS,1193050,42489,15800,0.31
USGS,1193050,42490,14000,0.3
USGS,1193050,42491,13300,0.32
USGS,1193050,42492,13400,0.34
USGS,1193050,42493,16000,0.3
USGS,1193050,42494,20600,0.3
USGS,1193050,42495,22200,0.3
USGS,1193050,42496,21100,0.3
USGS,1193050,42497,20800,0.3
USGS,1193050,42498,20600,0.3
USGS,1193050,42499,20200,0.3
USGS,1193050,42500,19100,0.21
USGS,1193050,42501,17700,0.2
USGS,1193050,42502,18100,0.19
USGS,1193050,42503,16600,0.17
USGS,1193050,42504,14700,0.16
USGS,1193050,42505,15400,0.18
USGS,1193050,42506,16700,0.21
USGS,1193050,42507,18500,0.2
USGS,1193050,42508,20800,0.17
USGS,1193050,42509,20300,0.15
USGS,1193050,42510,18800,0.15
USGS,1193050,42511,16700,0.16
USGS,1193050,42512,14300,0.16
USGS,1193050,42513,13900,0.17
USGS,1193050,42514,14400,0.18
USGS,1193050,42515,12500,0.18
USGS,1193050,42516,10600,0.19
USGS,1193050,42517,11300,0.23
USGS,1193050,42518,11500,0.24
USGS,1193050,42519,9720,0.24
USGS,1193050,42520,9340,0.25
USGS,1193050,42521,9640,0.26
USGS,1193050,42522,9900,0.28
USGS,1193050,42523,10200,0.29
USGS,1193050,42524,8140,0.28
USGS,1193050,42525,5850,0.27
USGS,1193050,42526,5700,0.28
USGS,1193050,42527,9270,0.29
USGS,1193050,42528,16400,0.36
USGS,1193050,42529,20700,0.33
USGS,1193050,42530,15800,0.24
USGS,1193050,42531,9950,0.22
USGS,1193050,42532,8410,0.24
USGS,1193050,42533,10600,0.26
USGS,1193050,42534,8930,0.29
USGS,1193050,42535,7200,0.29
USGS,1193050,42536,7360,0.29
USGS,1193050,42537,9200,0.3
USGS,1193050,42538,9220,0.31
USGS,1193050,42539,8380,0.23
USGS,1193050,42540,6550,0.21
USGS,1193050,42541,4960,0.18
USGS,1193050,42542,5010,0.15
USGS,1193050,42543,5690,0.1
USGS,1193050,42544,5250,0.06
USGS,1193050,42545,5410,0.06
USGS,1193050,42546,5660,0.09
USGS,1193050,42547,5130,0.1
USGS,1193050,42548,4580,0.09
USGS,1193050,42549,4420,0.11
USGS,1193050,42550,4900,0.15
USGS,1193050,42551,7180,0.2
USGS,1193050,42552,8350,0.19
USGS,1193050,42553,8140,0.22
USGS,1193050,42554,7060,0.21
USGS,1193050,42555,6250,0.18
USGS,1193050,42556,6040,0.18
USGS,1193050,42557,6870,0.2
USGS,1193050,42558,6240,0.2
USGS,1193050,42559,5220,0.19
USGS,1193050,42560,4510,0.18
USGS,1193050,42561,6270,0.18
USGS,1193050,42562,7540,0.2
USGS,1193050,42563,7430,0.24
USGS,1193050,42564,6340,0.26
USGS,1193050,42565,6030,0.25
USGS,1193050,42566,6260,0.24
USGS,1193050,42567,7740,0.22
USGS,1193050,42568,8290,0.21
USGS,1193050,42569,7080,0.19
USGS,1193050,42570,5890,0.16
USGS,1193050,42571,4930,0.15
USGS,1193050,42572,4330,0.16
USGS,1193050,42573,4790,0.18
USGS,1193050,42574,6080,0.18
USGS,1193050,42575,5190,0.19
USGS,1193050,42576,4170,0.19
USGS,1193050,42577,6110,0.17
USGS,1193050,42578,6640,0.15
USGS,1193050,42579,5240,0.14
USGS,1193050,42580,4950,0.13
USGS,1193050,42581,5140,0.14
USGS,1193050,42582,4570,0.13
USGS,1193050,42583,4700,0.13
USGS,1193050,42584,5590,0.15
USGS,1193050,42585,6940,0.17
USGS,1193050,42586,5820,0.18
USGS,1193050,42587,4580,0.19
USGS,1193050,42588,4110,0.19
USGS,1193050,42589,4640,0.21
USGS,1193050,42590,4550,0.19
USGS,1193050,42591,3140,0.18
USGS,1193050,42592,3110,0.17
USGS,1193050,42593,4620,0.16
USGS,1193050,42594,5930,0.17
USGS,1193050,42595,5840,0.18
USGS,1193050,42596,6290,0.16
USGS,1193050,42597,7700,0.18
USGS,1193050,42598,8450,0.16
USGS,1193050,42599,6780,0.13
USGS,1193050,42600,5030,0.12
USGS,1193050,42601,5090,0.11
USGS,1193050,42602,4010,0.12
USGS,1193050,42603,4760,0.15
USGS,1193050,42604,6910,0.15
USGS,1193050,42605,7630,0.15
USGS,1193050,42606,7630,0.15
USGS,1193050,42607,7400,0.15
USGS,1193050,42608,7470,0.12
USGS,1193050,42609,7580,0.09
USGS,1193050,42610,6040,0.09
USGS,1193050,42611,4500,0.09
USGS,1193050,42612,5200,0.08
USGS,1193050,42613,5700,0.09
USGS,1193050,42614,4910,0.11
USGS,1193050,42615,4290,0.11
USGS,1193050,42616,3650,0.1
USGS,1193050,42617,3260,0.11
USGS,1193050,42618,4030,0.12
USGS,1193050,42619,4980,0.13
USGS,1193050,42620,5240,0.17
USGS,1193050,42621,4470,0.2
USGS,1193050,42622,4180,0.2
USGS,1193050,42623,4510,0.19
USGS,1193050,42624,5230,0.17
USGS,1193050,42625,4180,0.16
USGS,1193050,42626,3260,0.15
USGS,1193050,42627,3230,0.14
USGS,1193050,42628,2590,0.15
USGS,1193050,42629,2590,0.15
USGS,1193050,42630,3440,0.17
USGS,1193050,42631,3550,0.18
USGS,1193050,42632,4160,0.2
USGS,1193050,42633,5500,0.21
USGS,1193050,42634,5070,0.2
USGS,1193050,42635,3650,0.19
USGS,1193050,42636,4040,0.18
USGS,1193050,42637,4550,0.19
USGS,1193050,42638,3490,0.21
USGS,1193050,42639,2550,0.22
USGS,1193050,42640,4080,0.22
USGS,1193050,42641,4930,0.21
USGS,1193050,42642,4340,0.22
USGS,1193050,42643,4260,0.26
USGS,1193050,42644,4590,0.28
USGS,1193050,42645,3940,0.27
USGS,1193050,42646,3670,0.26
USGS,1193050,42647,3870,0.27
USGS,1193050,42648,4660,0.29
USGS,1193050,42649,5010,0.3
USGS,1193050,42650,5330,0.34
USGS,1193050,42651,4290,0.35
USGS,1193050,42652,4410,0.35
USGS,1193050,42653,3960,0.36
USGS,1193050,42654,4220,0.34
USGS,1193050,42655,4900,0.33
USGS,1193050,42656,4550,0.32
USGS,1193050,42657,3450,0.34
USGS,1193050,42658,2910,0.36
USGS,1193050,42659,2740,0.38
USGS,1193050,42660,2690,0.37
USGS,1193050,42661,3120,0.35
USGS,1193050,42662,4500,0.33
USGS,1193050,42663,3540,0.31
USGS,1193050,42664,3850,0.31
USGS,1193050,42665,6970,0.33
USGS,1193050,42666,7170,0.3
USGS,1193050,42667,6170,0.27
USGS,1193050,42668,7380,0.25
USGS,1193050,42669,6530,0.27
USGS,1193050,42670,5570,0.29
USGS,1193050,42671,7700,0.29
USGS,1193050,42672,7220,0.3
USGS,1193050,42673,10200,0.3
USGS,1193050,42674,10800,0.3
USGS,1193050,42675,11000,0.3
USGS,1193050,42676,11000,0.3
USGS,1193050,42677,11000,0.3
USGS,1193050,42678,11000,0.3
USGS,1193050,42679,11000,0.3
USGS,1193050,42680,11000,0.3
USGS,1193050,42681,11000,0.3
USGS,1193050,42682,11000,0.29
USGS,1193050,42683,11000,0.28
USGS,1193050,42684,11000,0.28
USGS,1193050,42685,11000,0.28
USGS,1193050,42686,11000,0.3
USGS,1193050,42687,11000,0.32
USGS,1193050,42688,11000,0.32
USGS,1193050,42689,11000,0.34
USGS,1193050,42690,11000,0.37
USGS,1193050,42691,11000,0.38
USGS,1193050,42692,11000,0.36
USGS,1193050,42693,11000,0.33
USGS,1193050,42694,11000,0.31
USGS,1193050,42695,11000,0.3
USGS,1193050,42696,11000,0.31
USGS,1193050,42697,9070,0.33
USGS,1193050,42698,7760,0.31
USGS,1193050,42699,7510,0.28
USGS,1193050,42700,7260,0.3
USGS,1193050,42701,7060,0.31
USGS,1193050,42702,7660,0.32
USGS,1193050,42703,8210,0.34
USGS,1193050,42704,10600,0.34
USGS,1193050,42705,17400,0.35
USGS,1193050,42706,27500,0.34
USGS,1193050,42707,31100,0.23
USGS,1193050,42708,26300,0.22
USGS,1193050,42709,21600,0.22
USGS,1193050,42710,17300,0.23
USGS,1193050,42711,13400,0.24
USGS,1193050,42712,12800,0.27
USGS,1193050,42713,13200,0.28
USGS,1193050,42714,10800,0.28
USGS,1193050,42715,8470,0.28
USGS,1193050,42716,8280,0.29
USGS,1193050,42717,8620,0.3
USGS,1193050,42718,8520,0.34
USGS,1193050,42719,10100,0.35
USGS,1193050,42720,8560,0.36
USGS,1193050,42721,6290,0.38
USGS,1193050,42722,7800,0.38
USGS,1193050,42723,9040,0.38
USGS,1193050,42724,11800,0.44
USGS,1193050,42725,16300,0.39
USGS,1193050,42726,14500,0.32
USGS,1193050,42727,13200,0.33
USGS,1193050,42728,13100,0.34
USGS,1193050,42729,13100,0.34
USGS,1193050,42730,11300,0.38
USGS,1193050,42731,12600,0.37
USGS,1193050,42732,11700,0.39
USGS,1193050,42733,14100,0.39
USGS,1193050,42734,17600,0.37
USGS,1193050,42735,16000,0.35
USGS,1193050,42736,15600,0.33
USGS,1193050,42737,13000,0.32
USGS,1193050,42738,11800,0.33
USGS,1193050,42739,15400,0.34
USGS,1193050,42740,17200,0.38
USGS,1193050,42741,17000,0.39
USGS,1193050,42742,14400,0.35
USGS,1193050,42743,9520,0.34
USGS,1193050,42744,9410,0.35
USGS,1193050,42745,10000,0.37
USGS,1193050,42746,12400,0.37
USGS,1193050,42747,13700,0.38
USGS,1193050,42748,16900,0.4
USGS,1193050,42749,19400,0.39
USGS,1193050,42750,21500,0.33
USGS,1193050,42751,19800,0.3
USGS,1193050,42752,17300,0.32
USGS,1193050,42753,15400,0.3
USGS,1193050,42754,15400,0.33
USGS,1193050,42755,15700,0.36
USGS,1193050,42756,16100,0.35
USGS,1193050,42757,14400,0.34
USGS,1193050,42758,13100,0.34
USGS,1193050,42759,17300,0.33
USGS,1193050,42760,19100,0.36
USGS,1193050,42761,18200,0.36
USGS,1193050,42762,18800,0.38
USGS,1193050,42763,17000,0.37
USGS,1193050,42764,14700,0.35
USGS,1193050,42765,13500,0.34
USGS,1193050,42766,13200,0.34
USGS,1193050,42767,13400,0.35
USGS,1193050,42768,12000,0.36
USGS,1193050,42769,11400,0.38
USGS,1193050,42770,11400,0.39
USGS,1193050,42771,12300,0.39
USGS,1193050,42772,11900,0.39
USGS,1193050,42773,11400,0.4
USGS,1193050,42774,12500,0.4
USGS,1193050,42775,10800,0.4
USGS,1193050,42776,5660,0.42
USGS,1193050,42777,7110,0.44
USGS,1193050,42778,10300,0.5
USGS,1193050,42779,11200,0.48
USGS,1193050,42780,9690,0.46
USGS,1193050,42781,12100,0.46
USGS,1193050,42782,13800,0.46
USGS,1193050,42783,11600,0.47
USGS,1193050,42784,11600,0.46
USGS,1193050,42785,11600,0.45
USGS,1193050,42786,11600,0.47
USGS,1193050,42787,11600,0.48
USGS,1193050,42788,13800,0.51
USGS,1193050,42789,14800,0.46
USGS,1193050,42790,17100,0.43
USGS,1193050,42791,25400,0.41
USGS,1193050,42792,40900,0.33
USGS,1193050,42793,61000,0.23
USGS,1193050,42794,70300,0.21
USGS,1193050,42795,61000,0.24
USGS,1193050,42796,53100,0.25
USGS,1193050,42797,54000,0.23
USGS,1193050,42798,57200,0.22
USGS,1193050,42799,49900,0.24
USGS,1193050,42800,37700,0.26
USGS,1193050,42801,30000,0.27
USGS,1193050,42802,28800,0.28
USGS,1193050,42803,28300,0.29
USGS,1193050,42804,27100,0.31
USGS,1193050,42805,26500,0.31
USGS,1193050,42806,23100,0.32
USGS,1193050,42807,18100,0.32
USGS,1193050,42808,15700,0.32
USGS,1193050,42809,16500,0.35
USGS,1193050,42810,18900,0.37
USGS,1193050,42811,20700,0.38
USGS,1193050,42812,19800,0.37
USGS,1193050,42813,19600,0.37
USGS,1193050,42814,18300,0.37
USGS,1193050,42815,18500,0.39
USGS,1193050,42816,20700,0.41
USGS,1193050,42817,19900,0.4
USGS,1193050,42818,17200,0.39
USGS,1193050,42819,15700,0.4
USGS,1193050,42820,14700,0.4
USGS,1193050,42821,16500,0.42
USGS,1193050,42822,21100,0.43
USGS,1193050,42823,26800,0.43
USGS,1193050,42824,29500,0.4
USGS,1193050,42825,30800,0.36
USGS,1193050,42826,35100,0.34
USGS,1193050,42827,36100,0.35
USGS,1193050,42828,32500,0.34
USGS,1193050,42829,35300,0.34
USGS,1193050,42830,50600,0.32
USGS,1193050,42831,65100,0.25
USGS,1193050,42832,71900,0.26
USGS,1193050,42833,77100,0.23
USGS,1193050,42834,78600,0.22
USGS,1193050,42835,73100,0.23
USGS,1193050,42836,66200,0.24
USGS,1193050,42837,66100,0.21
USGS,1193050,42838,68200,0.2
USGS,1193050,42839,69000,0.19
USGS,1193050,42840,69000,0.19
USGS,1193050,42841,66200,0.19
USGS,1193050,42842,61900,0.2
USGS,1193050,42843,59200,0.2
USGS,1193050,42844,57600,0.21
USGS,1193050,42845,55300,0.21
USGS,1193050,42846,52900,0.21
USGS,1193050,42847,51000,0.22
USGS,1193050,42848,47800,0.22
USGS,1193050,42849,42800,0.22
USGS,1193050,42850,38600,0.22
USGS,1193050,42851,37800,0.23
USGS,1193050,42852,40500,0.24
USGS,1193050,42853,42300,0.23
USGS,1193050,42854,39700,0.22
USGS,1193050,42855,33700,0.22
USGS,1193050,42856,29200,0.23
USGS,1193050,42857,29300,0.24
USGS,1193050,42858,36200,0.24
USGS,1193050,42859,42800,0.21
USGS,1193050,42860,45600,0.21
USGS,1193050,42861,51300,0.2
USGS,1193050,42862,58400,0.2
USGS,1193050,42863,58200,0.2
USGS,1193050,42864,53400,0.15
USGS,1193050,42865,48700,0.15
USGS,1193050,42866,42500,0.16
USGS,1193050,42867,37100,0.18
USGS,1193050,42868,33200,0.19
USGS,1193050,42869,35200,0.21
USGS,1193050,42870,42500,0.22
USGS,1193050,42871,48000,0.18
USGS,1193050,42872,49800,0.16
USGS,1193050,42873,48000,0.15
USGS,1193050,42874,42400,0.16
USGS,1193050,42875,35700,0.17
USGS,1193050,42876,29800,0.17
USGS,1193050,42877,24800,0.19
USGS,1193050,42878,21500,0.21
USGS,1193050,42879,20800,0.23
USGS,1193050,42880,22300,0.25
USGS,1193050,42881,25100,0.25
USGS,1193050,42882,33200,0.27
USGS,1193050,42883,39700,0.21
USGS,1193050,42884,36700,0.18
USGS,1193050,42885,31400,0.19
USGS,1193050,42886,28800,0.2
USGS,1193050,42887,29800,0.2
USGS,1193050,42888,32400,0.2
USGS,1193050,42889,30000,0.2
USGS,1193050,42890,24500,0.2
USGS,1193050,42891,20200,0.22
USGS,1193050,42892,22000,0.24
USGS,1193050,42893,38000,0.27
USGS,1193050,42894,55100,0.16
USGS,1193050,42895,54800,0.13
USGS,1193050,42896,41700,0.15
USGS,1193050,42897,30000,0.16
USGS,1193050,42898,23200,0.17
USGS,1193050,42899,19600,0.19
USGS,1193050,42900,17700,0.21
USGS,1193050,42901,14000,0.23
USGS,1193050,42902,11500,0.25
USGS,1193050,42903,12200,0.27
USGS,1193050,42904,13000,0.3
USGS,1193050,42905,13800,0.33
USGS,1193050,42906,21300,0.32
USGS,1193050,42907,29100,0.28
USGS,1193050,42908,26800,0.22
USGS,1193050,42909,22100,0.22
USGS,1193050,42910,20200,0.24
USGS,1193050,42911,18900,0.24
USGS,1193050,42912,19500,0.25
USGS,1193050,42913,21100,0.25
USGS,1193050,42914,18800,0.25
USGS,1193050,42915,14400,0.26
USGS,1193050,42916,13300,0.25
USGS,1193050,42917,17400,0.28
USGS,1193050,42918,29300,0.3
USGS,1193050,42919,42900,0.22
USGS,1193050,42920,49400,0.17
USGS,1193050,42921,41400,0.17
USGS,1193050,42922,28100,0.17
USGS,1193050,42923,18800,0.19
USGS,1193050,42924,16700,0.2
USGS,1193050,42925,15600,0.21
USGS,1193050,42926,13100,0.22
USGS,1193050,42927,12900,0.23
USGS,1193050,42928,13100,0.24
USGS,1193050,42929,12300,0.25
USGS,1193050,42930,12900,0.32
USGS,1193050,42931,13900,0.36
USGS,1193050,42932,14200,0.35
USGS,1193050,42933,13500,0.33
USGS,1193050,42934,13500,0.31
USGS,1193050,42935,14800,0.31
USGS,1193050,42936,15000,0.32
USGS,1193050,42937,13700,0.31
USGS,1193050,42938,11100,0.27
USGS,1193050,42939,9800,0.26
USGS,1193050,42940,9650,0.24
USGS,1193050,42941,9370,0.27
USGS,1193050,42942,8390,0.3
USGS,1193050,42943,9800,0.35
USGS,1193050,42944,10100,0.39
USGS,1193050,42945,9600,0.36
USGS,1193050,42946,7630,0.36
USGS,1193050,42947,5810,0.34
USGS,1193050,42948,6300,0.29
USGS,1193050,42949,7250,0.27
USGS,1193050,42950,8160,0.32
USGS,1193050,42951,7500,0.32
USGS,1193050,42952,9220,0.33
USGS,1193050,42953,10300,0.29
USGS,1193050,42954,7390,0.29
USGS,1193050,42955,8130,0.31
USGS,1193050,42956,9450,0.32
USGS,1193050,42957,7610,0.32
USGS,1193050,42958,6400,0.3
USGS,1193050,42959,6720,0.27
USGS,1193050,42960,6900,0.25
USGS,1193050,42961,6590,0.24
USGS,1193050,42962,6720,0.22
USGS,1193050,42963,6520,0.23
USGS,1193050,42964,5890,0.25
USGS,1193050,42965,6220,0.25
USGS,1193050,42966,8420,0.27
USGS,1193050,42967,9030,0.29
USGS,1193050,42968,7630,0.3
USGS,1193050,42969,7900,0.28
USGS,1193050,42970,9610,0.28
USGS,1193050,42971,9790,0.3
USGS,1193050,42972,8630,0.29
USGS,1193050,42973,7370,0.28
USGS,1193050,42974,5270,0.26
USGS,1193050,42975,4160,0.26
USGS,1193050,42976,4590,0.27
USGS,1193050,42977,5260,0.28
USGS,1193050,42978,5630,0.32
USGS,1193050,42979,4750,0.35
USGS,1193050,42980,3040,0.36
USGS,1193050,42981,3170,0.36
USGS,1193050,42982,5250,0.37
USGS,1193050,42983,8240,0.41
USGS,1193050,42984,11400,0.46
USGS,1193050,42985,13400,0.41
USGS,1193050,42986,12700,0.37
USGS,1193050,42987,12400,0.34
USGS,1193050,42988,10900,0.31
USGS,1193050,42989,7150,0.29
USGS,1193050,42990,5470,0.29
USGS,1193050,42991,6440,0.3
USGS,1193050,42992,6160,0.32
USGS,1193050,42993,6220,0.36
USGS,1193050,42994,6600,0.34
USGS,1193050,42995,5290,0.34
USGS,1193050,42996,5040,0.33
USGS,1193050,42997,4700,0.35
USGS,1193050,42998,4610,0.36
USGS,1193050,42999,4210,0.37
USGS,1193050,43000,4780,0.39
USGS,1193050,43001,5390,0.42
USGS,1193050,43002,4640,0.44
USGS,1193050,43003,4130,0.44
USGS,1193050,43004,5440,0.45
USGS,1193050,43005,4980,0.4
USGS,1193050,43006,5070,0.39
USGS,1193050,43007,4220,0.4
USGS,1193050,43008,3760,0.4
USGS,1193050,43009,3020,0.39
USGS,1193050,43010,2280,0.37
USGS,1193050,43011,2410,0.36
USGS,1193050,43012,3420,0.39
USGS,1193050,43013,3250,0.4
USGS,1193050,43014,2960,0.42
USGS,1193050,43015,3620,0.45
USGS,1193050,43016,4080,0.47
USGS,1193050,43017,4370,0.46
USGS,1193050,43018,6040,0.42
USGS,1193050,43019,6470,0.41
USGS,1193050,43020,4960,0.39
USGS,1193050,43021,4130,0.39
USGS,1193050,43022,2820,0.37
USGS,1193050,43023,2930,0.36
USGS,1193050,43024,3320,0.38
USGS,1193050,43025,2370,0.38
USGS,1193050,43026,2610,0.39
USGS,1193050,43027,1800,0.39
USGS,1193050,43028,977,0.4
USGS,1193050,43029,17.6,0.42
USGS,1193050,43030,758,0.42
USGS,1193050,43031,796,0.4
USGS,1193050,43032,2900,0.4
USGS,1193050,43033,10300,0.38
USGS,1193050,43034,15500,0.42
USGS,1193050,43035,15200,0.35
USGS,1193050,43036,17900,0.29
USGS,1193050,43037,24900,0.23
USGS,1193050,43038,40700,0.25
USGS,1193050,43039,58600,0.21
USGS,1193050,43040,63200,0.15
USGS,1193050,43041,50600,0.16
USGS,1193050,43042,34900,0.18
USGS,1193050,43043,24900,0.19
USGS,1193050,43044,21600,0.18
USGS,1193050,43045,22500,0.18
USGS,1193050,43046,22100,0.2
USGS,1193050,43047,20800,0.21
USGS,1193050,43048,20200,0.22
USGS,1193050,43049,19800,0.23
USGS,1193050,43050,16600,0.25
USGS,1193050,43051,16300,0.26
USGS,1193050,43052,15100,0.27
USGS,1193050,43053,13800,0.28
USGS,1193050,43054,11800,0.3
USGS,1193050,43055,11900,0.31
USGS,1193050,43056,12300,0.35
USGS,1193050,43057,11200,0.36
USGS,1193050,43058,14300,0.38
USGS,1193050,43059,14000,0.36
USGS,1193050,43060,14100,0.36
USGS,1193050,43061,16700,0.35
USGS,1193050,43062,16200,0.32
USGS,1193050,43063,14600,0.32
USGS,1193050,43064,14000,0.32
USGS,1193050,43065,14400,0.33
USGS,1193050,43066,12000,0.34
USGS,1193050,43067,10500,0.36
USGS,1193050,43068,11300,0.37
USGS,1193050,43069,9540,0.38
USGS,1193050,43070,10400,0.38
USGS,1193050,43071,11100,0.4
USGS,1193050,43072,9700,0.4
USGS,1193050,43073,9110,0.39
USGS,1193050,43074,9240,0.41
USGS,1193050,43075,11600,0.42
USGS,1193050,43076,13100,0.45
USGS,1193050,43077,16500,0.4
USGS,1193050,43078,18300,0.4
USGS,1193050,43079,17700,0.4
USGS,1193050,43080,14100,0.4
USGS,1193050,43081,12800,0.4
USGS,1193050,43082,14800,0.4
USGS,1193050,43083,12300,0.4
USGS,1193050,43084,11800,0.4
USGS,1193050,43085,12700,0.44
USGS,1193050,43086,9250,0.44
USGS,1193050,43087,8170,0.45
USGS,1193050,43088,10200,0.4
USGS,1193050,43089,10200,0.4
USGS,1193050,43090,8930,0.4
USGS,1193050,43091,10900,0.4
USGS,1193050,43092,12800,0.4
USGS,1193050,43093,12100,0.4
USGS,1193050,43094,12400,0.4
USGS,1193050,43095,12000,0.4
USGS,1193050,43096,9040,0.4
USGS,1193050,43097,8780,0.4
USGS,1193050,43098,8230,0.4
USGS,1193050,43099,8910,0.4
USGS,1193050,43100,9410,0.4
USGS,1193050,43101,8570,0.4
USGS,1193050,43102,9270,0.4
USGS,1193050,43103,9430,0.4
USGS,1193050,43104,9660,0.4
USGS,1193050,43105,10600,0.4
USGS,1193050,43106,8920,0.4
USGS,1193050,43107,8860,0.4
USGS,1193050,43108,9860,0.4
USGS,1193050,43109,10500,0.4
USGS,1193050,43110,10500,0.4
USGS,1193050,43111,9430,0.4
USGS,1193050,43112,11500,0.4
USGS,1193050,43113,24700,0.4
USGS,1193050,43114,45100,0.4
USGS,1193050,43115,56400,0.4
USGS,1193050,43116,53100,0.4
USGS,1193050,43117,46200,0.4
USGS,1193050,43118,41300,0.4
USGS,1193050,43119,32900,0.4
USGS,1193050,43120,27600,0.4
USGS,1193050,43121,25500,0.4
USGS,1193050,43122,24100,0.4
USGS,1193050,43123,27400,0.4
USGS,1193050,43124,35600,0.4
USGS,1193050,43125,38800,0.4
USGS,1193050,43126,36200,0.4
USGS,1193050,43127,29600,0.4
USGS,1193050,43128,24900,0.4
USGS,1193050,43129,22700,0.4
USGS,1193050,43130,24900,0.4
USGS,1193050,43131,25900,0.4
USGS,1193050,43132,23900,0.4
USGS,1193050,43133,21400,0.4
USGS,1193050,43134,16200,0.4
USGS,1193050,43135,16200,0.4
USGS,1193050,43136,20000,0.4
USGS,1193050,43137,19100,0.4
USGS,1193050,43138,18300,0.4
USGS,1193050,43139,17000,0.4
USGS,1193050,43140,15800,0.4
USGS,1193050,43141,17800,0.4
USGS,1193050,43142,20800,0.4
USGS,1193050,43143,27300,0.4
USGS,1193050,43144,30000,0.4
USGS,1193050,43145,28700,0.4
USGS,1193050,43146,25700,0.4
USGS,1193050,43147,22000,0.4
USGS,1193050,43148,22200,0.4
USGS,1193050,43149,24200,0.4
USGS,1193050,43150,24700,0.4
USGS,1193050,43151,25200,0.4
USGS,1193050,43152,26200,0.4
USGS,1193050,43153,33400,0.4
USGS,1193050,43154,46800,0.4
USGS,1193050,43155,51300,0.4
USGS,1193050,43156,46800,0.4
USGS,1193050,43157,43900,0.4
USGS,1193050,43158,39800,0.4
USGS,1193050,43159,34700,0.4
USGS,1193050,43160,33600,0.4
USGS,1193050,43161,39100,0.4
USGS,1193050,43162,47500,0.4
USGS,1193050,43163,49300,0.4
USGS,1193050,43164,45200,0.4
USGS,1193050,43165,40100,0.4
USGS,1193050,43166,36400,0.4
USGS,1193050,43167,34400,0.4
USGS,1193050,43168,33800,0.4
USGS,1193050,43169,33000,0.4
USGS,1193050,43170,29700,0.4
USGS,1193050,43171,26100,0.4
USGS,1193050,43172,26000,0.4
USGS,1193050,43173,26900,0.4
USGS,1193050,43174,25900,0.4
USGS,1193050,43175,23600,0.4
USGS,1193050,43176,21000,0.4
USGS,1193050,43177,19900,0.4
USGS,1193050,43178,18100,0.4
USGS,1193050,43179,17500,0.4
USGS,1193050,43180,16900,0.4
USGS,1193050,43181,16300,0.4
USGS,1193050,43182,15700,0.4
USGS,1193050,43183,15100,0.4
USGS,1193050,43184,14500,0.4
USGS,1193050,43185,15900,0.4
USGS,1193050,43186,16200,0.4
USGS,1193050,43187,15000,0.4
USGS,1193050,43188,14500,0.4
USGS,1193050,43189,16900,0.4
USGS,1193050,43190,24800,0.4
USGS,1193050,43191,35800,0.4
USGS,1193050,43192,39600,0.4
USGS,1193050,43193,39200,0.4
USGS,1193050,43194,39900,0.4
USGS,1193050,43195,40100,0.4
USGS,1193050,43196,39100,0.4
USGS,1193050,43197,38500,0.4
USGS,1193050,43198,34800,0.4
USGS,1193050,43199,31900,0.4
USGS,1193050,43200,29600,0.4
USGS,1193050,43201,28900,0.4
USGS,1193050,43202,27600,0.4
USGS,1193050,43203,25800,0.4
USGS,1193050,43204,27500,0.4
USGS,1193050,43205,34100,0.4
USGS,1193050,43206,45600,0.4
USGS,1193050,43207,57800,0.4
USGS,1193050,43208,62100,0.4
USGS,1193050,43209,63200,0.4
USGS,1193050,43210,60900,0.4
USGS,1193050,43211,53900,0.4
USGS,1193050,43212,45000,0.4
USGS,1193050,43213,39600,0.4
USGS,1193050,43214,39200,0.4
USGS,1193050,43215,41200,0.4
USGS,1193050,43216,50600,0.4
USGS,1193050,43217,61600,0.4
USGS,1193050,43218,67100,0.4
USGS,1193050,43219,66700,0.4
USGS,1193050,43220,66300,0.4
USGS,1193050,43221,68400,0.4
USGS,1193050,43222,67800,0.4
USGS,1193050,43223,64800,0.4
USGS,1193050,43224,62500,0.4
USGS,1193050,43225,59400,0.4
USGS,1193050,43226,53900,0.4
USGS,1193050,43227,52200,0.4
USGS,1193050,43228,51300,0.4
USGS,1193050,43229,46400,0.4
USGS,1193050,43230,37400,0.4
USGS,1193050,43231,28900,0.4
USGS,1193050,43232,24700,0.4
USGS,1193050,43233,23000,0.4
USGS,1193050,43234,20300,0.4
USGS,1193050,43235,20500,0.4
USGS,1193050,43236,22800,0.4
USGS,1193050,43237,22900,0.4
USGS,1193050,43238,21000,0.4
USGS,1193050,43239,19500,0.4
USGS,1193050,43240,20100,0.4
USGS,1193050,43241,19600,0.4
USGS,1193050,43242,17900,0.4
USGS,1193050,43243,17400,0.4
USGS,1193050,43244,15800,0.4
USGS,1193050,43245,15000,0.44
USGS,1193050,43246,13400,0.45
USGS,1193050,43247,12900,0.45
USGS,1193050,43248,12600,0.46
USGS,1193050,43249,10700,0.46
USGS,1193050,43250,10600,0.49
USGS,1193050,43251,11300,0.51
USGS,1193050,43252,10300,0.52
USGS,1193050,43253,8230,0.49
USGS,1193050,43254,7440,0.44
USGS,1193050,43255,8730,0.44
USGS,1193050,43256,8890,0.49
USGS,1193050,43257,9540,0.51
USGS,1193050,43258,10000,0.5
USGS,1193050,43259,9360,0.5
USGS,1193050,43260,8240,0.51
USGS,1193050,43261,7190,0.52
USGS,1193050,43262,6710,0.51
USGS,1193050,43263,6410,0.47
USGS,1193050,43264,5830,0.45
USGS,1193050,43265,6160,0.47
USGS,1193050,43266,5720,0.51
USGS,1193050,43267,5980,0.52
USGS,1193050,43268,6530,0.52
USGS,1193050,43269,7080,0.54
USGS,1193050,43270,8940,0.56
USGS,1193050,43271,7810,0.55
USGS,1193050,43272,8120,0.48
USGS,1193050,43273,7890,0.48
USGS,1193050,43274,6290,0.47
USGS,1193050,43275,6170,0.48
USGS,1193050,43276,7140,0.5
USGS,1193050,43277,6940,0.52
USGS,1193050,43278,6360,0.55
USGS,1193050,43279,9740,0.57
USGS,1193050,43280,17000,0.55
USGS,1193050,43281,18600,0.53
USGS,1193050,43282,16300,0.47
USGS,1193050,43283,13200,0.45
USGS,1193050,43284,11600,0.43
USGS,1193050,43285,10200,0.42
USGS,1193050,43286,9210,0.43
USGS,1193050,43287,9640,0.42
USGS,1193050,43288,7300,0.38
USGS,1193050,43289,5000,0.37
USGS,1193050,43290,4880,0.33
USGS,1193050,43291,5180,0.3
USGS,1193050,43292,6220,0.3
USGS,1193050,43293,5870,0.33
USGS,1193050,43294,4430,0.35
USGS,1193050,43295,3900,0.36
USGS,1193050,43296,4110,0.34
USGS,1193050,43297,5030,0.3
USGS,1193050,43298,7540,0.28
USGS,1193050,43299,11000,0.38
USGS,1193050,43300,9140,0.47
USGS,1193050,43301,7830,0.49
USGS,1193050,43302,6920,0.44
USGS,1193050,43303,7060,0.38
USGS,1193050,43304,9740,0.35
USGS,1193050,43305,15600,0.39
USGS,1193050,43306,19100,0.4
USGS,1193050,43307,20500,0.35
USGS,1193050,43308,25600,0.36
USGS,1193050,43309,24500,0.35
USGS,1193050,43310,22600,0.34
USGS,1193050,43311,18200,0.34
USGS,1193050,43312,13000,0.35
USGS,1193050,43313,10800,0.37
USGS,1193050,43314,12500,0.38
USGS,1193050,43315,18000,0.42
USGS,1193050,43316,22800,0.42
USGS,1193050,43317,28900,0.39
USGS,1193050,43318,30300,0.36
USGS,1193050,43319,26700,0.33
USGS,1193050,43320,20300,0.32
USGS,1193050,43321,18200,0.35
USGS,1193050,43322,18600,0.37
USGS,1193050,43323,16200,0.38
USGS,1193050,43324,15900,0.38
USGS,1193050,43325,19800,0.41
USGS,1193050,43326,23500,0.41
USGS,1193050,43327,26500,0.41
USGS,1193050,43328,26100,0.38
USGS,1193050,43329,21400,0.36
USGS,1193050,43330,20900,0.36
USGS,1193050,43331,26700,0.38
USGS,1193050,43332,26600,0.36
USGS,1193050,43333,21100,0.36
USGS,1193050,43334,17700,0.36
USGS,1193050,43335,18100,0.38
USGS,1193050,43336,16900,0.38
USGS,1193050,43337,13500,0.38
USGS,1193050,43338,10900,0.39
USGS,1193050,43339,9650,0.4
USGS,1193050,43340,10900,0.37
USGS,1193050,43341,11900,0.36
USGS,1193050,43342,11700,0.35
USGS,1193050,43343,10200,0.34
USGS,1193050,43344,8240,0.33
USGS,1193050,43345,6590,0.31
USGS,1193050,43346,6660,0.31
USGS,1193050,43347,8150,0.33
USGS,1193050,43348,7120,0.37
USGS,1193050,43349,6920,0.37
USGS,1193050,43350,7210,0.36
USGS,1193050,43351,7020,0.38
USGS,1193050,43352,5710,0.41
USGS,1193050,43353,6200,0.42
USGS,1193050,43354,10500,0.41
USGS,1193050,43355,16100,0.45
USGS,1193050,43356,19800,0.42
USGS,1193050,43357,19000,0.37
USGS,1193050,43358,14600,0.33
USGS,1193050,43359,10900,0.33
USGS,1193050,43360,8780,0.33
USGS,1193050,43361,13100,0.35
USGS,1193050,43362,26700,0.38
USGS,1193050,43363,28500,0.29
USGS,1193050,43364,21500,0.28
USGS,1193050,43365,15700,0.28
USGS,1193050,43366,11800,0.29
USGS,1193050,43367,11300,0.34
USGS,1193050,43368,15700,0.37
USGS,1193050,43369,27400,0.43
USGS,1193050,43370,36000,0.39
USGS,1193050,43371,36400,0.32
USGS,1193050,43372,32300,0.31
USGS,1193050,43373,26200,0.31
USGS,1193050,43374,19000,0.31
USGS,1193050,43375,17300,0.33
USGS,1193050,43376,27300,0.41
USGS,1193050,43377,35500,0.39
USGS,1193050,43378,33500,0.32
USGS,1193050,43379,28000,0.31
USGS,1193050,43380,21800,0.32
USGS,1193050,43381,16700,0.34
USGS,1193050,43382,16100,0.37
USGS,1193050,43383,15500,0.4
USGS,1193050,43384,16900,0.42
USGS,1193050,43385,24000,0.41
USGS,1193050,43386,28300,0.37
USGS,1193050,43387,28100,0.31
USGS,1193050,43388,24000,0.31
USGS,1193050,43389,21500,0.33
USGS,1193050,43390,20100,0.35
USGS,1193050,43391,18700,0.36
USGS,1193050,43392,17300,0.38
USGS,1193050,43393,15900,0.37
USGS,1193050,43394,14500,0.37
USGS,1193050,43395,13700,0.38
USGS,1193050,43396,14700,0.39
USGS,1193050,43397,14000,0.41
USGS,1193050,43398,11900,0.41
USGS,1193050,43399,12100,0.41
USGS,1193050,43400,15400,0.45
USGS,1193050,43401,20700,0.43
USGS,1193050,43402,21300,0.42
USGS,1193050,43403,21100,0.37
USGS,1193050,43404,20800,0.35
USGS,1193050,43405,21400,0.33
USGS,1193050,43406,23700,0.32
USGS,1193050,43407,42000,0.32
USGS,1193050,43408,67000,0.25
USGS,1193050,43409,77600,0.2
USGS,1193050,43410,77100,0.21
USGS,1193050,43411,73200,0.23
USGS,1193050,43412,69500,0.23
USGS,1193050,43413,63100,0.23
USGS,1193050,43414,56700,0.26
USGS,1193050,43415,54200,0.27
USGS,1193050,43416,51000,0.26
USGS,1193050,43417,48900,0.27
USGS,1193050,43418,52500,0.3
USGS,1193050,43419,52100,0.27
USGS,1193050,43420,48100,0.28
USGS,1193050,43421,42500,0.32
USGS,1193050,43422,36100,0.34
USGS,1193050,43423,33500,0.35
USGS,1193050,43424,32800,0.37
USGS,1193050,43425,33800,0.39
USGS,1193050,43426,31700,0.39
USGS,1193050,43427,27300,0.4
USGS,1193050,43428,25800,0.4
USGS,1193050,43429,24100,0.42
USGS,1193050,43430,25300,0.46
USGS,1193050,43431,33400,0.47
USGS,1193050,43432,39500,0.43
USGS,1193050,43433,39200,0.38
USGS,1193050,43434,35000,0.38
USGS,1193050,43435,32000,0.39
USGS,1193050,43436,30800,0.4
USGS,1193050,43437,35000,0.44
USGS,1193050,43438,40600,0.39
USGS,1193050,43439,43400,0.34
USGS,1193050,43440,42200,0.33
USGS,1193050,43441,37500,0.35
USGS,1193050,43442,32700,0.37
USGS,1193050,43443,28800,0.38
USGS,1193050,43444,25400,0.4
USGS,1193050,43445,23400,0.43
USGS,1193050,43446,22500,0.45
USGS,1193050,43447,21200,0.46
USGS,1193050,43448,20400,0.48
USGS,1193050,43449,19200,0.49
USGS,1193050,43450,17700,0.5
USGS,1193050,43451,20300,0.52
USGS,1193050,43452,22500,0.54
USGS,1193050,43453,20300,0.52
USGS,1193050,43454,18900,0.5
USGS,1193050,43455,26900,0.5
USGS,1193050,43456,53200,0.46
USGS,1193050,43457,75400,0.32
USGS,1193050,43458,83900,0.28
USGS,1193050,43459,81200,0.28
USGS,1193050,43460,68800,0.32
USGS,1193050,43461,54200,0.33
USGS,1193050,43462,43100,0.35
USGS,1193050,43463,39200,0.39
USGS,1193050,43464,38300,0.39
USGS,1193050,43465,38600,0.38
USGS,1193050,43466,41000,0.38
USGS,1193050,43467,43400,0.39
USGS,1193050,43468,43500,0.36
USGS,1193050,43469,39100,0.36
USGS,1193050,43470,36100,0.39
USGS,1193050,43471,36400,0.43
USGS,1193050,43472,33300,0.43
USGS,1193050,43473,28800,0.42
USGS,1193050,43474,28400,0.44
USGS,1193050,43475,27200,0.48
USGS,1193050,43476,26400,0.49
USGS,1193050,43477,23200,0.48
USGS,1193050,43478,18900,0.49
USGS,1193050,43479,15400,0.51
USGS,1193050,43480,16400,0.53
USGS,1193050,43481,18200,0.53
USGS,1193050,43482,16300,0.53
USGS,1193050,43483,15500,0.55
USGS,1193050,43484,14700,0.59
USGS,1193050,43485,13900,0.58
USGS,1193050,43486,13100,0.6
USGS,1193050,43487,12300,0.64
USGS,1193050,43488,12500,0.64
USGS,1193050,43489,26600,0.55
USGS,1193050,43490,51200,0.51
USGS,1193050,43491,62000,0.42
USGS,1193050,43492,64000,0.34
USGS,1193050,43493,56900,0.36
USGS,1193050,43494,44300,0.38
USGS,1193050,43495,36600,0.39
USGS,1193050,43496,31200,0.42
USGS,1193050,43497,26700,0.42
USGS,1193050,43498,26600,0.41
USGS,1193050,43499,30000,0.41
USGS,1193050,43500,31600,0.43
USGS,1193050,43501,30200,0.48
USGS,1193050,43502,26300,0.5
USGS,1193050,43503,29400,0.49
USGS,1193050,43504,37000,0.46
USGS,1193050,43505,41600,0.42
USGS,1193050,43506,40100,0.38
USGS,1193050,43507,37200,0.38
USGS,1193050,43508,33100,0.38
USGS,1193050,43509,29000,0.4
USGS,1193050,43510,27500,0.44
USGS,1193050,43511,27200,0.44
USGS,1193050,43512,27400,0.44
USGS,1193050,43513,25900,0.45
USGS,1193050,43514,25700,0.46
USGS,1193050,43515,25000,0.46
USGS,1193050,43516,20600,0.46
USGS,1193050,43517,19800,0.48
USGS,1193050,43518,21600,0.51
USGS,1193050,43519,21100,0.51
USGS,1193050,43520,22400,0.51
USGS,1193050,43521,26500,0.52
USGS,1193050,43522,23600,0.52
USGS,1193050,43523,20200,0.5
USGS,1193050,43524,19000,0.51
USGS,1193050,43525,19200,0.52
USGS,1193050,43526,19800,0.55
USGS,1193050,43527,18900,0.54
USGS,1193050,43528,18000,0.56
USGS,1193050,43529,17100,0.58
USGS,1193050,43530,16200,0.58
USGS,1193050,43531,15300,0.56
USGS,1193050,43532,14400,0.56
USGS,1193050,43533,14100,0.57
USGS,1193050,43534,13500,0.58
USGS,1193050,43535,16100,0.59
USGS,1193050,43536,15400,0.6
USGS,1193050,43537,14000,0.61
USGS,1193050,43538,15100,0.62
USGS,1193050,43539,18500,0.59
USGS,1193050,43540,25400,0.58
USGS,1193050,43541,31100,0.54
USGS,1193050,43542,32600,0.46
USGS,1193050,43543,29400,0.45
USGS,1193050,43544,25300,0.46
USGS,1193050,43545,23300,0.46
USGS,1193050,43546,25700,0.46
USGS,1193050,43547,30200,0.48
USGS,1193050,43548,29200,0.45
USGS,1193050,43549,27100,0.42
USGS,1193050,43550,26400,0.42
USGS,1193050,43551,26500,0.42
USGS,1193050,43552,25300,0.42
USGS,1193050,43553,23400,0.42
USGS,1193050,43554,25300,0.43
USGS,1193050,43555,31400,0.41
USGS,1193050,43556,39600,0.39
USGS,1193050,43557,50300,0.33
USGS,1193050,43558,54100,0.3
USGS,1193050,43559,49300,0.32
USGS,1193050,43560,45100,0.31
USGS,1193050,43561,42700,0.31
USGS,1193050,43562,38800,0.33
USGS,1193050,43563,36700,0.34
USGS,1193050,43564,44200,0.34
USGS,1193050,43565,55600,0.3
USGS,1193050,43566,57500,0.3
USGS,1193050,43567,52000,0.3
USGS,1193050,43568,48600,0.31
USGS,1193050,43569,50300,0.33
USGS,1193050,43570,60000,0.3
USGS,1193050,43571,75100,0.29
USGS,1193050,43572,85600,0.27
USGS,1193050,43573,88700,0.27
USGS,1193050,43574,87600,0.27
USGS,1193050,43575,86400,0.28
USGS,1193050,43576,87600,0.28
USGS,1193050,43577,89600,0.27
USGS,1193050,43578,90800,0.26
USGS,1193050,43579,91000,0.26
USGS,1193050,43580,90900,0.25
USGS,1193050,43581,90100,0.25
USGS,1193050,43582,91700,0.26
USGS,1193050,43583,93800,0.26
USGS,1193050,43584,93400,0.23
USGS,1193050,43585,88900,0.24
USGS,1193050,43586,80800,0.25
USGS,1193050,43587,70900,0.26
USGS,1193050,43588,58500,0.29
USGS,1193050,43589,51800,0.3
USGS,1193050,43590,51800,0.3
USGS,1193050,43591,52000,0.31
USGS,1193050,43592,49200,0.3
USGS,1193050,43593,44900,0.3
USGS,1193050,43594,40600,0.31
USGS,1193050,43595,37100,0.32
USGS,1193050,43596,35900,0.33
USGS,1193050,43597,38500,0.33
USGS,1193050,43598,45700,0.33
USGS,1193050,43599,49000,0.31
USGS,1193050,43600,47900,0.3
USGS,1193050,43601,46600,0.29
USGS,1193050,43602,42300,0.28
USGS,1193050,43603,36300,0.3
USGS,1193050,43604,32400,0.31
USGS,1193050,43605,31200,0.32
USGS,1193050,43606,34600,0.34
USGS,1193050,43607,41200,0.3
USGS,1193050,43608,43200,0.27
USGS,1193050,43609,39700,0.28
USGS,1193050,43610,33900,0.3
USGS,1193050,43611,30100,0.32
USGS,1193050,43612,27000,0.32
USGS,1193050,43613,25900,0.32
USGS,1193050,43614,29000,0.34
USGS,1193050,43615,32100,0.34
USGS,1193050,43616,32700,0.33
USGS,1193050,43617,29400,0.32
USGS,1193050,43618,25800,0.32
USGS,1193050,43619,23400,0.34
USGS,1193050,43620,21300,0.35
USGS,1193050,43621,19000,0.36
USGS,1193050,43622,18600,0.37
USGS,1193050,43623,23700,0.37
USGS,1193050,43624,32100,0.34
USGS,1193050,43625,30400,0.28
USGS,1193050,43626,23400,0.3
USGS,1193050,43627,20100,0.32
USGS,1193050,43628,18100,0.35
USGS,1193050,43629,19800,0.37
USGS,1193050,43630,21700,0.36
USGS,1193050,43631,19100,0.34
USGS,1193050,43632,16500,0.35
USGS,1193050,43633,17300,0.37
USGS,1193050,43634,19200,0.41
USGS,1193050,43635,17900,0.4
USGS,1193050,43636,15100,0.39
USGS,1193050,43637,15600,0.4
USGS,1193050,43638,22100,0.44
USGS,1193050,43639,26500,0.38
USGS,1193050,43640,24500,0.33
USGS,1193050,43641,20800,0.33
USGS,1193050,43642,16200,0.34
USGS,1193050,43643,15200,0.36
USGS,1193050,43644,17900,0.4
USGS,1193050,43645,18000,0.38
USGS,1193050,43646,15400,0.35
USGS,1193050,43647,12900,0.35
USGS,1193050,43648,14600,0.37
USGS,1193050,43649,15200,0.39
USGS,1193050,43650,13300,0.38
USGS,1193050,43651,11100,0.36
USGS,1193050,43652,11300,0.35
USGS,1193050,43653,12200,0.38
USGS,1193050,43654,10800,0.41
USGS,1193050,43655,9790,0.42
USGS,1193050,43656,9120,0.4
USGS,1193050,43657,8570,0.37
USGS,1193050,43658,9110,0.38
USGS,1193050,43659,10600,0.4
USGS,1193050,43660,11400,0.44
USGS,1193050,43661,10500,0.42
USGS,1193050,43662,8290,0.36
USGS,1193050,43663,8260,0.35
USGS,1193050,43664,9610,0.36
USGS,1193050,43665,8540,0.41
USGS,1193050,43666,8600,0.42
USGS,1193050,43667,8770,0.39
USGS,1193050,43668,8510,0.42
USGS,1193050,43669,11400,0.4
USGS,1193050,43670,15400,0.45
USGS,1193050,43671,14300,0.45
USGS,1193050,43672,10900,0.45
USGS,1193050,43673,8300,0.45
USGS,1193050,43674,6230,0.45
USGS,1193050,43675,5170,0.45
USGS,1193050,43676,6240,0.45
USGS,1193050,43677,8110,0.45
USGS,1193050,43678,8580,0.4
USGS,1193050,43679,6670,0.43
USGS,1193050,43680,6140,0.41
USGS,1193050,43681,6980,0.38
USGS,1193050,43682,6610,0.36
USGS,1193050,43683,5370,0.35
USGS,1193050,43684,5550,0.37
USGS,1193050,43685,8520,0.41
USGS,1193050,43686,7790,0.48
USGS,1193050,43687,6310,0.49
USGS,1193050,43688,6300,0.49
USGS,1193050,43689,6780,0.47
USGS,1193050,43690,7410,0.43
USGS,1193050,43691,6490,0.43
USGS,1193050,43692,5050,0.44
USGS,1193050,43693,4530,0.42
USGS,1193050,43694,4740,0.41
USGS,1193050,43695,5380,0.4
USGS,1193050,43696,6270,0.41
USGS,1193050,43697,7030,0.45
USGS,1193050,43698,8120,0.45
USGS,1193050,43699,9770,0.42
USGS,1193050,43700,8360,0.45
USGS,1193050,43701,5550,0.45
USGS,1193050,43702,4000,0.43
USGS,1193050,43703,4130,0.42
USGS,1193050,43704,3850,0.4
USGS,1193050,43705,4830,0.39
USGS,1193050,43706,5330,0.44
USGS,1193050,43707,5990,0.49
USGS,1193050,43708,7470,0.51
USGS,1193050,43709,5460,0.5
USGS,1193050,43710,4540,0.49
USGS,1193050,43711,5430,0.47
USGS,1193050,43712,6970,0.44
USGS,1193050,43713,8520,0.48
USGS,1193050,43714,6370,0.54
USGS,1193050,43715,6650,0.51
USGS,1193050,43716,7440,0.42
USGS,1193050,43717,5310,0.38
USGS,1193050,43718,5690,0.44
USGS,1193050,43719,5310,0.46
USGS,1193050,43720,4740,0.47
USGS,1193050,43721,4140,0.48
USGS,1193050,43722,4060,0.49
USGS,1193050,43723,4280,0.5
USGS,1193050,43724,4420,0.51
USGS,1193050,43725,4290,0.53
USGS,1193050,43726,3990,0.58
USGS,1193050,43727,4910,0.61
USGS,1193050,43728,5200,0.6
USGS,1193050,43729,4060,0.57
USGS,1193050,43730,3050,0.53
USGS,1193050,43731,3360,0.48
USGS,1193050,43732,4280,0.47
USGS,1193050,43733,4810,0.46
USGS,1193050,43734,5150,0.48
USGS,1193050,43735,5170,0.53
USGS,1193050,43736,4570,0.53
USGS,1193050,43737,5130,0.51
USGS,1193050,43738,4410,0.5
