site number,timestamp,"Discharge, cfs","Nitrate, mg N/L","SpC, us/cm","Temperature, C"
1193050,40877.00000,29900,0.34,129,8.2
1193050,40878.00000,41300,0.3,119,7.9
1193050,40879.00000,44600,0.24,109,7.1
1193050,40880.00000,39500,0.24,107,6.7
1193050,40881.00000,32000,0.27,107,6.1
1193050,40882.00000,26300,0.3,111,6.2
1193050,40883.00000,24300,0.32,117,6.5
1193050,40884.00000,26700,0.34,120,7.1
1193050,40885.00000,43200,0.36,117,7.6
1193050,40886.00000,61600,0.28,94,6.8
1193050,40887.00000,64700,0.24,85,6
1193050,40888.00000,55800,0.25,87,5.1
1193050,40889.00000,43500,0.28,93,4.4
1193050,40890.00000,35400,0.29,99,3.9
1193050,40891.00000,30600,0.32,103,3.7
1193050,40892.00000,27200,0.34,108,4
1193050,40893.00000,25800,0.37,115,4.6
1193050,40894.00000,26300,0.39,116,4.6
1193050,40895.00000,29300,0.36,110,3.9
1193050,40896.00000,29300,0.34,109,3
1193050,40897.00000,28700,0.36,115,2.8
1193050,40898.00000,27900,0.38,118,3
1193050,40899.00000,26800,0.39,121,3.5
1193050,40900.00000,25900,0.41,122,3.8
1193050,40901.00000,26700,0.43,124,3.9
1193050,40902.00000,28300,0.41,116,3.5
1193050,40903.00000,28400,0.37,108,3.3
1193050,40904.00000,26000,0.38,108,3
1193050,40905.00000,29800,0.39,114,3.3
1193050,40906.00000,34300,0.4,115,3
1193050,40907.00000,36000,0.33,102,2.2
1193050,40908.00000,30900,0.34,105,1.9
1193050,40909.00000,26100,0.37,111,2.1
1193050,40910.00000,25600,0.4,115,2.7
1193050,40911.00000,27100,0.4,115,2.6
1193050,40912.00000,28100,0.38,110,1.6
1193050,40913.00000,26000,0.37,107,1
1193050,40914.00000,20600,0.4,114,0.9
1193050,40915.00000,19600,0.44,123,1.3
1193050,40916.00000,18800,0.47,122,1.7
1193050,40917.00000,18200,0.49,125,1.8
1193050,40918.00000,19600,0.49,128,1.8
1193050,40919.00000,17700,0.48,125,1.7
1193050,40920.00000,17500,0.48,123,2.1
1193050,40921.00000,21800,0.52,135,2.4
1193050,40922.00000,20200,0.55,146,1.9
1193050,40923.00000,16900,0.54,141,1
1193050,40924.00000,15600,0.52,139,0.3
1193050,40925.00000,15400,0.52,138,0.1
1193050,40926.00000,15500,0.54,148,0.5
1193050,40927.00000,15000,0.57,156,0.7
1193050,40928.00000,16500,0.58,155,0.4
1193050,40929.00000,13500,0.57,147,0.3
1193050,40930.00000,11700,0.57,152,0.1
1193050,40931.00000,12700,0.56,161,0.1
1193050,40932.00000,15300,0.56,165,0.5
1193050,40933.00000,16200,0.56,196,1.3
1193050,40934.00000,16900,0.55,199,1.9
1193050,40935.00000,21500,0.55,172,2.1
1193050,40936.00000,28800,0.55,176,2.4
1193050,40937.00000,33300,0.48,147,2.2
1193050,40938.00000,31900,0.42,134,1.8
1193050,40939.00000,27700,0.42,137,1.8
1193050,40940.00000,26000,0.42,131,2.2
1193050,40941.00000,23400,0.43,130,2.6
1193050,40942.00000,21900,0.45,137,2.4
1193050,40943.00000,21800,0.46,134,2.4
1193050,40944.00000,20700,0.45,128,2.2
1193050,40945.00000,20200,0.46,130,2.1
1193050,40946.00000,18100,0.46,130,2.1
1193050,40947.00000,16900,0.49,135,2.3
1193050,40948.00000,15400,0.5,140,2.3
1193050,40949.00000,13100,0.5,139,2.3
1193050,40950.00000,12500,0.52,142,2.6
1193050,40951.00000,14500,0.54,148,2.4
1193050,40952.00000,13500,0.56,147,1.9
1193050,40953.00000,13400,0.55,142,1.7
1193050,40954.00000,11900,0.54,139,2.2
1193050,40955.00000,12200,0.56,142,2.4
1193050,40956.00000,13500,0.58,145,2.8
1193050,40957.00000,12900,0.58,145,3
1193050,40958.00000,12000,0.57,144,3.6
1193050,40959.00000,12000,0.58,146,3.7
1193050,40960.00000,11600,0.57,148,4
1193050,40961.00000,12800,0.57,145,4
1193050,40962.00000,11800,0.56,147,4.4
1193050,40963.00000,11900,0.57,145,4.6
1193050,40964.00000,15800,0.58,157,4.3
1193050,40965.00000,15400,0.6,168,3.9
1193050,40966.00000,13200,0.55,149,3.6
1193050,40967.00000,13000,0.54,143,4
1193050,40968.00000,10900,0.54,147,4.3
1193050,40969.00000,13000,0.55,153,4.2
1193050,40970.00000,14100,0.58,184,3.2
1193050,40971.00000,15500,0.58,214,2.9
1193050,40972.00000,15800,0.56,207,2.9
1193050,40973.00000,14100,0.55,198,3.1
1193050,40974.00000,13100,0.57,192,3.3
1193050,40975.00000,11900,0.56,180,3.7
1193050,40976.00000,13850,0.56,174,5
1193050,40977.00000,15800,0.56,167,6
1193050,40978.00000,24100,0.54,162,6.4
1193050,40979.00000,29300,0.44,134,5.5
1193050,40980.00000,25000,0.42,138,5.5
1193050,40981.00000,21000,0.42,136,6
1193050,40982.00000,24800,0.42,134,7.4
1193050,40983.00000,33000,0.4,121,7.5
1193050,40984.00000,36200,0.39,107,6.8
1193050,40985.00000,34400,0.4,114,6.8
1193050,40986.00000,33300,0.39,112,6.7
1193050,40987.00000,34200,0.4,104,7.1
1193050,40988.00000,37700,0.40,99,7.6
1193050,40989.00000,39400,0.41,98,8.1
1193050,40990.00000,39250,0.41,97,8.95
1193050,40991.00000,39100,0.41,97,9.8
1193050,40992.00000,36000,0.41,97,10.1
1193050,40993.00000,32200,0.42,99,10
1193050,40994.00000,30200,0.43,98,9.7
1193050,40995.00000,25800,0.44,102,8.9
1193050,40996.00000,21800,NaN,101,8.4
1193050,40997.00000,21500,NaN,106,8.5
1193050,40998.00000,19900,NaN,108,8.3
1193050,40999.00000,17600,NaN,109,8.1
1193050,41000.00000,17000,NaN,113,7.9
1193050,41001.00000,16100,NaN,121,7.9
1193050,41002.00000,14100,NaN,122,8.2
1193050,41003.00000,13900,NaN,126,9
1193050,41004.00000,13200,NaN,126,9.7
1193050,41005.00000,10600,NaN,127,10.2
1193050,41006.00000,11500,NaN,129,10.2
1193050,41007.00000,12600,NaN,136,10.5
1193050,41008.00000,11100,NaN,132,10.6
1193050,41009.00000,10200,NaN,133,10.8
1193050,41010.00000,10900,NaN,138,11.1
1193050,41011.00000,11700,NaN,140,11.1
1193050,41012.00000,11300,NaN,137,11.4
1193050,41013.00000,10500,NaN,139,12
1193050,41014.00000,9820,NaN,142,12.9
1193050,41015.00000,9400,NaN,145,14.1
1193050,41016.00000,10000,0.4,148,15
1193050,41017.00000,10600,0.41,152,15.9
1193050,41018.00000,9090,0.4,147,16.2
1193050,41019.00000,8930,0.4,150,16.1
1193050,41020.00000,9170,0.42,155,16.7
1193050,41021.00000,10500,0.42,155,16.8
1193050,41022.00000,21700,0.41,155,15.8
1193050,41023.00000,39200,0.41,142,13.7
1193050,41024.00000,47100,0.31,118,13.3
1193050,41025.00000,40400,0.3,110,12.2
1193050,41026.00000,30700,0.32,112,11.9
1193050,41027.00000,24300,0.34,108,11.5
1193050,41028.00000,22800,0.35,103,11.6
1193050,41029.00000,21400,0.35,102,11.7
1193050,41030.00000,20900,0.35,102,11.8
1193050,41031.00000,20600,0.37,109,11.7
1193050,41032.00000,20400,0.39,116,11.6
1193050,41033.00000,21900,0.4,118,11.8
1193050,41034.00000,22900,0.37,114,12.3
1193050,41035.00000,23800,0.35,113,13
1193050,41036.00000,23500,0.35,112,13.8
1193050,41037.00000,22100,0.34,112,14.2
1193050,41038.00000,25300,0.34,115,14.2
1193050,41039.00000,38200,0.34,113,14.1
1193050,41040.00000,45500,0.29,101,13.9
1193050,41041.00000,44000,0.28,99,14.1
1193050,41042.00000,39900,0.27,97,14.6
1193050,41043.00000,33900,0.28,98,15.2
1193050,41044.00000,30400,0.29,98,15.3
1193050,41045.00000,31900,0.31,109,15.6
1193050,41046.00000,36100,0.31,101,16.2
1193050,41047.00000,38000,0.29,94,16.5
1193050,41048.00000,35000,0.28,96,16.8
1193050,41049.00000,29500,0.29,100,17.6
1193050,41050.00000,24200,0.3,102,18
1193050,41051.00000,21500,0.31,105,18.2
1193050,41052.00000,20500,0.33,113,18.7
1193050,41053.00000,18000,0.35,114,19.5
1193050,41054.00000,15800,0.36,116,20.2
1193050,41055.00000,13900,0.37,122,20.8
1193050,41056.00000,13800,0.38,127,21.6
1193050,41057.00000,13600,0.39,128,22.7
1193050,41058.00000,13900,0.39,127,23.4
1193050,41059.00000,16700,0.38,128,24
1193050,41060.00000,25500,0.37,129,24.1
1193050,41061.00000,31500,0.31,117,23.2
1193050,41062.00000,30600,0.32,121,21.9
1193050,41063.00000,33100,0.34,126,20.6
1193050,41064.00000,37100,0.32,116,19.7
1193050,41065.00000,38500,0.27,103,18.4
1193050,41066.00000,37400,0.26,99,17.6
1193050,41067.00000,35000,0.26,99,17.6
1193050,41068.00000,30700,0.26,105,18.2
1193050,41069.00000,24600,0.26,106,18.6
1193050,41070.00000,20300,0.28,110,19.2
1193050,41071.00000,19300,0.29,113,19.9
1193050,41072.00000,18900,0.3,114,20.1
1193050,41073.00000,18500,0.32,117,20.1
1193050,41074.00000,18100,0.34,121,20.1
1193050,41075.00000,16700,0.37,126,20.8
1193050,41076.00000,14400,0.35,125,21.6
1193050,41077.00000,13200,0.34,128,22.3
1193050,41078.00000,12800,0.33,129,22.6
1193050,41079.00000,11500,0.33,131,22.5
1193050,41080.00000,9940,0.33,134,22.9
1193050,41081.00000,9320,0.34,135,23.8
1193050,41082.00000,10700,0.35,142,24.9
1193050,41083.00000,11900,0.38,149,26.2
1193050,41084.00000,9280,0.42,155,26.1
1193050,41085.00000,8050,0.47,152,25.5
1193050,41086.00000,10100,0.43,156,25
1193050,41087.00000,11400,0.44,161,24.2
1193050,41088.00000,10000,0.46,160,24
1193050,41089.00000,10200,0.43,153,24.7
1193050,41090.00000,12300,0.41,152,25.7
1193050,41091.00000,12400,0.37,156,26.7
1193050,41092.00000,11300,0.34,153,26.9
1193050,41093.00000,9720,0.33,154,26.9
1193050,41094.00000,8880,0.32,158,27
1193050,41095.00000,7590,0.33,161,27.6
1193050,41096.00000,8560,0.33,165,28.1
1193050,41097.00000,9860,0.32,170,28.3
1193050,41098.00000,8090,0.35,170,28.2
1193050,41099.00000,7190,0.33,166,28.2
1193050,41100.00000,7360,0.28,163,28
1193050,41101.00000,6220,0.25,165,27.9
1193050,41102.00000,4880,0.27,168,27.9
1193050,41103.00000,5120,0.27,164,28.2
1193050,41104.00000,5040,0.29,162,28.4
1193050,41105.00000,4570,0.33,163,28.2
1193050,41106.00000,5600,0.37,164,28.4
1193050,41107.00000,5630,0.39,170,28.7
1193050,41108.00000,5580,0.4,170,29.2
1193050,41109.00000,5940,0.42,168,28.7
1193050,41110.00000,4970,0.43,166,28
1193050,41111.00000,4240,0.43,164,27.7
1193050,41112.00000,4360,0.44,166,27.6
1193050,41113.00000,3900,0.46,168,27.4
1193050,41114.00000,5010,0.49,171,27.4
1193050,41115.00000,6090,0.52,175,26.8
1193050,41116.00000,5940,0.53,178,26.7
1193050,41117.00000,6750,0.5,174,27.1
1193050,41118.00000,7010,0.44,163,27
1193050,41119.00000,7270,0.43,161,26.4
1193050,41120.00000,6000,0.44,162,26.3
1193050,41121.00000,5300,0.46,163,26.1
1193050,41122.00000,5540,0.5,164,25.5
1193050,41123.00000,5470,0.54,171,25.8
1193050,41124.00000,5990,0.54,173,26.6
1193050,41125.00000,5170,0.51,170,27.3
1193050,41126.00000,5100,0.49,170,27.8
1193050,41127.00000,6150,0.48,171,28.3
1193050,41128.00000,5010,0.47,172,28.3
1193050,41129.00000,4380,0.48,177,28.4
1193050,41130.00000,3770,0.49,179,28.6
1193050,41131.00000,6620,0.52,180,28.5
1193050,41132.00000,11000,0.5,182,27.4
1193050,41133.00000,11800,0.42,178,27.4
1193050,41134.00000,12300,0.42,164,27.1
1193050,41135.00000,11300,0.42,158,27
1193050,41136.00000,10600,0.41,157,26.6
1193050,41137.00000,8540,0.39,155,26.5
1193050,41138.00000,7020,0.41,159,26.7
1193050,41139.00000,6650,0.44,159,26.4
1193050,41140.00000,5770,0.48,167,25.8
1193050,41141.00000,4860,0.51,174,25.7
1193050,41142.00000,5610,0.51,177,25.6
1193050,41143.00000,6360,0.5,180,25.6
1193050,41144.00000,5270,0.52,183,25.5
1193050,41145.00000,4360,0.52,186,25.9
1193050,41146.00000,4610,0.53,186,26.4
1193050,41147.00000,4790,0.53,183,26.3
1193050,41148.00000,3410,0.51,184,26.4
1193050,41149.00000,4510,0.51,188,26.9
1193050,41150.00000,5960,0.51,190,26.6
1193050,41151.00000,5020,0.48,189,26
1193050,41152.00000,3750,0.48,192,25.9
1193050,41153.00000,2580,0.49,193,26.1
1193050,41154.00000,3590,0.5,192,25.8
1193050,41155.00000,4020,0.53,190,25.5
1193050,41156.00000,4330,0.54,189,25.2
1193050,41157.00000,7480,0.53,193,25.5
1193050,41158.00000,9060,0.5,197,25.7
1193050,41159.00000,8000,0.45,198,25.4
1193050,41160.00000,8030,0.48,185,25.6
1193050,41161.00000,9640,0.48,173,25.2
1193050,41162.00000,8660,0.46,171,24.8
1193050,41163.00000,6570,0.44,172,23.7
1193050,41164.00000,4590,0.45,175,23.4
1193050,41165.00000,3230,0.46,176,23.3
1193050,41166.00000,3800,0.49,178,23.2
1193050,41167.00000,4860,0.5,185,22.8
1193050,41168.00000,4050,0.51,185,22.4
1193050,41169.00000,3100,0.54,189,22.3
1193050,41170.00000,3920,0.55,193,22.1
1193050,41171.00000,11700,0.55,195,21.9
1193050,41172.00000,14600,0.5,193,20.9
1193050,41173.00000,10800,0.46,177,20.7
1193050,41174.00000,7260,0.43,163,20.3
1193050,41175.00000,7750,0.42,158,20.6
1193050,41176.00000,7860,0.43,157,20.3
1193050,41177.00000,7090,0.44,161,19.9
1193050,41178.00000,5890,0.44,160,19.8
1193050,41179.00000,5460,0.45,158,19.6
1193050,41180.00000,6610,0.47,158,19.2
1193050,41181.00000,8660,0.48,166,18.5
1193050,41182.00000,9930,0.49,170,18.3
1193050,41183.00000,10900,0.5,172,17.3
1193050,41184.00000,9770,0.5,168,17.3
1193050,41185.00000,12300,0.44,161,17.4
1193050,41186.00000,13300,0.45,157,17.5
1193050,41187.00000,11800,0.43,155,18
1193050,41188.00000,11000,0.43,155,18.4
1193050,41189.00000,9250,0.46,159,18.1
1193050,41190.00000,9230,0.46,160,17.7
1193050,41191.00000,10000,0.46,162,16.9
1193050,41192.00000,10600,0.46,163,15.9
1193050,41193.00000,10700,0.43,160,15.6
1193050,41194.00000,9710,0.44,165,15
1193050,41195.00000,10300,0.46,169,14.2
1193050,41196.00000,11800,0.46,163,13.6
1193050,41197.00000,12000,0.43,165,13.7
1193050,41198.00000,13800,0.4,159,14.3
1193050,41199.00000,13300,0.39,158,14.6
1193050,41200.00000,12400,0.38,160,14.2
1193050,41201.00000,12400,0.37,157,14.2
1193050,41202.00000,19300,0.36,157,14.6
1193050,41203.00000,27400,0.35,149,14.7
1193050,41204.00000,26100,0.28,121,13.9
1193050,41205.00000,19700,0.27,113,13.8
1193050,41206.00000,16200,0.28,119,13.8
1193050,41207.00000,13400,0.3,122,13.5
1193050,41208.00000,11300,0.31,124,13.6
1193050,41209.00000,12400,0.34,127,13.8
1193050,41210.00000,12700,0.37,132,13.9
1193050,41211.00000,11900,0.37,132,13.9
1193050,41212.00000,21900,0.36,127,13.8
1193050,41213.00000,28600,0.36,129,13.8
1193050,41214.00000,38100,0.31,114,13.1
1193050,41215.00000,40200,0.24,104,12.7
1193050,41216.00000,33700,0.23,102,12
1193050,41217.00000,25200,0.25,107,11.6
1193050,41218.00000,19900,0.26,108,10.9
1193050,41219.00000,17700,0.27,109,10.1
1193050,41220.00000,17400,0.3,110,8.8
1193050,41221.00000,18200,0.3,114,7.4
1193050,41222.00000,13600,0.31,119,6.7
1193050,41223.00000,12200,0.34,141,6.9
1193050,41224.00000,10900,0.35,146,7.4
1193050,41225.00000,10800,0.36,140,8.2
1193050,41226.00000,10900,0.39,142,9.1
1193050,41227.00000,11100,0.39,145,9
1193050,41228.00000,13000,0.42,148,8.7
1193050,41229.00000,14900,0.4,143,7.9
1193050,41230.00000,13400,0.38,135,7.4
1193050,41231.00000,10100,0.37,136,7.2
1193050,41232.00000,9620,0.38,136,6.8
1193050,41233.00000,10300,0.41,144,6.7
1193050,41234.00000,10600,0.42,148,6.4
1193050,41235.00000,9830,0.42,145,6.3
1193050,41236.00000,8230,0.43,144,6.3
1193050,41237.00000,9620,0.43,148,6.6
1193050,41238.00000,9350,0.46,156,6.2
1193050,41239.00000,8820,0.46,159,6
1193050,41240.00000,9200,0.47,156,5.1
1193050,41241.00000,10900,0.46,156,4.4
1193050,41242.00000,11300,0.46,155,4.2
1193050,41243.00000,9200,0.45,154,4.3
1193050,41244.00000,7410,0.47,155,4.1
1193050,41245.00000,7210,0.47,158,4.2
1193050,41246.00000,7690,0.47,161,4.5
1193050,41247.00000,8720,0.51,166,4.5
1193050,41248.00000,9650,0.53,168,5.2
1193050,41249.00000,9990,0.52,167,5.1
1193050,41250.00000,11200,0.53,166,4.9
1193050,41251.00000,13600,0.49,162,4.4
1193050,41252.00000,12500,0.45,157,4.7
1193050,41253.00000,13000,0.44,155,4.9
1193050,41254.00000,16600,0.44,154,5.1
1193050,41255.00000,17800,0.43,153,4.9
1193050,41256.00000,19000,0.41,146,4.3
1193050,41257.00000,19200,0.38,133,3.8
1193050,41258.00000,15500,0.36,126,3.4
1193050,41259.00000,11500,0.37,130,3.5
1193050,41260.00000,13400,0.38,134,3.4
1193050,41261.00000,17300,0.4,139,3.4
1193050,41262.00000,19000,0.44,147,3.6
1193050,41263.00000,20000,0.46,141,3.8
1193050,41264.00000,27500,0.39,125,4.1
1193050,41265.00000,37200,0.36,121,4.2
1193050,41266.00000,42200,0.31,109,3.4
1193050,41267.00000,40700,0.29,100,2.8
1193050,41268.00000,34000,0.29,102,2.5
1193050,41269.00000,25800,0.31,108,2.1
1193050,41270.00000,23900,0.32,117,1.8
1193050,41271.00000,22900,0.37,160,1.5
1193050,41272.00000,20000,0.39,164,1.1
1193050,41273.00000,19400,0.38,144,0.5
1193050,41274.00000,15900,0.39,145,0.4
1193050,41275.00000,14500,0.39,155,0.4
1193050,41276.00000,14700,0.41,151,0.3
1193050,41277.00000,13200,0.43,141,0
1193050,41278.00000,10500,0.43,140,0
1193050,41279.00000,9890,0.45,140,0
1193050,41280.00000,9930,0.46,141,0.1
1193050,41281.00000,12100,0.49,145,0.6
1193050,41282.00000,13500,0.49,146,0.8
1193050,41283.00000,13300,0.49,145,0.9
1193050,41284.00000,11600,0.49,146,1.3
1193050,41285.00000,9860,0.5,150,1.4
1193050,41286.00000,12500,0.51,154,1.8
1193050,41287.00000,14400,0.52,163,2.1
1193050,41288.00000,15900,0.53,171,2.8
1193050,41289.00000,18200,0.52,163,3.2
1193050,41290.00000,21700,0.49,154,3
1193050,41291.00000,24200,0.43,150,2.4
1193050,41292.00000,21400,0.41,167,1.9
1193050,41293.00000,18300,0.42,158,1.3
1193050,41294.00000,15600,0.43,154,1.2
1193050,41295.00000,14600,0.45,157,1.4
1193050,41296.00000,16400,0.45,157,0.9
1193050,41297.00000,14600,0.45,148,0.1
1193050,41298.00000,11600,0.45,144,0.1
1193050,41299.00000,10300,0.45,146,0
1193050,41300.00000,11600,0.47,146,0.1
1193050,41301.00000,10700,0.47,148,0.1
1193050,41302.00000,9930,0.49,151,0
1193050,41303.00000,10600,0.51,158,0
1193050,41304.00000,12000,0.51,161,0.1
1193050,41305.00000,19200,0.53,183,1
1193050,41306.00000,29100,0.54,215,1.1
1193050,41307.00000,37400,0.4,139,0.3
1193050,41308.00000,36600,0.37,123,0.5
1193050,41309.00000,29900,0.39,131,0.2
1193050,41310.00000,24200,0.4,133,0.1
1193050,41311.00000,22800,0.4,127,0.3
1193050,41312.00000,20300,0.41,120,0.4
1193050,41313.00000,16200,0.43,120,0.3
1193050,41314.00000,12000,0.44,121,0
1193050,41315.00000,8800,0.45,124,0.1
1193050,41316.00000,11600,0.48,138,0.2
1193050,41317.00000,17000,0.52,147,0
1193050,41318.00000,20400,0.48,168,0.1
1193050,41319.00000,18700,0.48,177,0.5
1193050,41320.00000,17500,0.48,167,1
1193050,41321.00000,17000,0.49,170,1.4
1193050,41322.00000,16700,0.51,180,1.6
1193050,41323.00000,14100,0.52,182,1
1193050,41324.00000,13400,0.51,170,0.7
1193050,41325.00000,15400,0.52,163,1.2
1193050,41326.00000,13000,0.52,175,1.1
1193050,41327.00000,11400,NaN,179,1.1
1193050,41328.00000,11900,NaN,169,1.3
1193050,41329.00000,11800,NaN,166,1.7
1193050,41330.00000,12200,NaN,173,2.3
1193050,41331.00000,13300,NaN,183,2.9
1193050,41332.00000,16500,NaN,180,3.3
1193050,41333.00000,23900,NaN,186,3
1193050,41334.00000,24300,NaN,197,3.2
1193050,41335.00000,23300,NaN,175,3.2
1193050,41336.00000,21300,NaN,170,3
1193050,41337.00000,19600,NaN,169,2.9
1193050,41338.00000,16400,NaN,171,3.1
1193050,41339.00000,14300,NaN,171,3.4
1193050,41340.00000,14800,0.48,175,3.4
1193050,41341.00000,15400,0.51,182,2.7
1193050,41342.00000,15900,0.52,193,2.6
1193050,41343.00000,16400,0.51,232,3.3
1193050,41344.00000,16700,0.52,233,4.6
1193050,41345.00000,21100,0.52,207,5.4
1193050,41346.00000,34000,0.48,192,6.1
1193050,41347.00000,52700,0.39,149,4.7
1193050,41348.00000,60900,0.32,122,2.4
1193050,41349.00000,51600,0.33,129,2.1
1193050,41350.00000,39400,0.34,131,1.9
1193050,41351.00000,32000,0.35,127,2.1
1193050,41352.00000,29300,0.35,129,2
1193050,41353.00000,27700,0.38,161,2
1193050,41354.00000,24900,0.4,181,2.2
1193050,41355.00000,23000,0.41,167,2.3
1193050,41356.00000,20900,0.42,160,2.9
1193050,41357.00000,17200,0.43,157,3.4
1193050,41358.00000,16800,0.44,157,3.9
1193050,41359.00000,19500,0.44,157,4.4
1193050,41360.00000,18800,0.45,155,4.6
1193050,41361.00000,16900,0.46,155,5.1
1193050,41362.00000,18600,0.45,155,5.6
1193050,41363.00000,20100,0.44,150,6.3
1193050,41364.00000,20700,0.42,146,6.7
1193050,41365.00000,25300,0.4,144,7
1193050,41366.00000,31100,0.37,143,6.7
1193050,41367.00000,35400,0.34,130,5.9
1193050,41368.00000,33000,0.32,130,5.8
1193050,41369.00000,29200,0.32,129,5.9
1193050,41370.00000,25700,0.32,131,6.2
1193050,41371.00000,24200,0.32,130,6.5
1193050,41372.00000,24700,0.32,129,7.3
1193050,41373.00000,25900,0.32,129,8.3
1193050,41374.00000,33400,0.31,125,9.2
1193050,41375.00000,46300,0.28,114,9.2
1193050,41376.00000,58100,0.26,99,7.9
1193050,41377.00000,60200,0.26,94,6.8
1193050,41378.00000,54000,0.28,99,6.7
1193050,41379.00000,48600,0.28,99,6.5
1193050,41380.00000,44500,0.28,100,7
1193050,41381.00000,42000,0.28,103,7.9
1193050,41382.00000,43200,0.28,98,8.5
1193050,41383.00000,46000,0.27,96,9
1193050,41384.00000,48000,0.27,102,10
1193050,41385.00000,53900,0.29,99,9.6
1193050,41386.00000,59700,0.27,88,9.5
1193050,41387.00000,55500,0.28,93,9.3
1193050,41388.00000,46400,0.27,97,8.9
1193050,41389.00000,37400,0.25,100,10
1193050,41390.00000,29800,0.27,108,10.6
1193050,41391.00000,27200,0.27,105,11.1
1193050,41392.00000,24600,0.27,105,11.7
1193050,41393.00000,21200,0.28,108,12.2
1193050,41394.00000,19600,0.29,114,12.9
1193050,41395.00000,18000,0.3,117,13.4
1193050,41396.00000,16800,0.33,122,14.5
1193050,41397.00000,15500,0.33,125,15.4
1193050,41398.00000,14000,0.33,127,16.1
1193050,41399.00000,13400,0.33,132,16.5
1193050,41400.00000,13100,0.34,139,17.2
1193050,41401.00000,13600,0.37,145,17.6
1193050,41402.00000,13200,0.37,145,18.1
1193050,41403.00000,13700,0.37,0.36,18.2
1193050,41404.00000,14400,0.37,152,18.4
1193050,41405.00000,16400,0.37,154,18.5
1193050,41406.00000,16366,0.35,150,18.9
1193050,41407.00000,16333,0.34,146,18.4
1193050,41408.00000,16300,0.33,144,17.5
1193050,41409.00000,15800,0.32,143,16.6
1193050,41410.00000,16200,0.32,141,16.6
1193050,41411.00000,14200,0.31,141,16.8
1193050,41412.00000,12000,0.32,142,17.8
1193050,41413.00000,10700,0.33,148,17.5
1193050,41414.00000,10100,0.34,148,17.8
1193050,41415.00000,11900,0.34,150,18.7
1193050,41416.00000,14300,0.36,154,20
1193050,41417.00000,23400,0.35,150,20.5
1193050,41418.00000,40000,0.31,132,19.2
1193050,41419.00000,50500,0.26,116,17.2
1193050,41420.00000,56900,0.23,109,15.8
1193050,41421.00000,64500,0.18,97,14.8
1193050,41422.00000,67300,0.17,88,13.8
1193050,41423.00000,63600,0.17,86,13.5
1193050,41424.00000,58600,0.19,91,14.6
1193050,41425.00000,52300,0.2,94,16.1
1193050,41426.00000,42500,0.2,96,17.9
1193050,41427.00000,32600,0.2,99,19.8
1193050,41428.00000,29300,0.22,100,20.7
1193050,41429.00000,28600,0.26,110,20.8
1193050,41430.00000,26700,0.26,110,20.7
1193050,41431.00000,25300,0.25,110,20.7
1193050,41432.00000,27000,0.26,111,20
1193050,41433.00000,39600,0.29,120,18.6
1193050,41434.00000,47700,0.28,116,18.4
1193050,41435.00000,48600,0.22,101,18.4
1193050,41436.00000,50600,0.22,105,18.1
1193050,41437.00000,58400,0.23,106,17.8
1193050,41438.00000,68500,0.17,92,16.8
1193050,41439.00000,77900,0.18,94,15.9
1193050,41440.00000,80300,0.18,92,15.9
1193050,41441.00000,71700,0.18,86,16.3
1193050,41442.00000,56400,0.19,97,17.1
1193050,41443.00000,42800,0.22,107,18.3
1193050,41444.00000,37100,0.25,118,18.7
1193050,41445.00000,34600,0.25,114,18.8
1193050,41446.00000,29400,0.25,116,19.1
1193050,41447.00000,23600,0.27,122,19.9
1193050,41448.00000,19000,0.3,128,21
1193050,41449.00000,17700,0.33,135,22.7
1193050,41450.00000,19200,0.35,139,24.1
1193050,41451.00000,20900,0.34,137,24.6
1193050,41452.00000,22100,0.3,136,24.3
1193050,41453.00000,28700,0.3,137,24.1
1193050,41454.00000,40500,0.29,138,23.6
1193050,41455.00000,45600,0.24,116,23.2
1193050,41456.00000,40300,0.23,116,22.8
1193050,41457.00000,38200,0.24,113,22.5
1193050,41458.00000,41700,0.24,112,22.7
1193050,41459.00000,52700,0.2,101,23
1193050,41460.00000,58200,0.19,104,22.9
1193050,41461.00000,52600,0.19,100,23.2
1193050,41462.00000,43400,0.2,104,24
1193050,41463.00000,36000,0.22,110,24.4
1193050,41464.00000,30400,0.24,113,24.7
1193050,41465.00000,27800,0.27,119,24.8
1193050,41466.00000,30200,0.27,122,24.5
1193050,41467.00000,33900,0.27,121,24.4
1193050,41468.00000,32800,0.27,122,23.9
1193050,41469.00000,26400,0.27,128,24.3
1193050,41470.00000,22200,0.3,133,25.2
1193050,41471.00000,19900,0.31,136,25.6
1193050,41472.00000,17800,0.32,137,26.4
1193050,41473.00000,15600,0.34,141,27.1
1193050,41474.00000,14500,0.35,142,27.9
1193050,41475.00000,15600,0.35,145,28.5
1193050,41476.00000,16500,0.35,144,28.4
1193050,41477.00000,15400,0.34,143,27.8
1193050,41478.00000,16900,0.31,145,27.6
1193050,41479.00000,23500,0.34,154,27.3
1193050,41480.00000,27200,0.35,145,25.6
1193050,41481.00000,23000,0.32,132,23.9
1193050,41482.00000,16800,0.33,140,23.9
1193050,41483.00000,14400,0.35,141,24.2
1193050,41484.00000,13000,0.36,143,24.5
1193050,41485.00000,12400,0.38,151,24.6
1193050,41486.00000,12000,0.39,153,25.4
1193050,41487.00000,10500,0.39,155,25.3
1193050,41488.00000,9830,0.39,153,25.2
1193050,41489.00000,9610,0.41,159,24.9
1193050,41490.00000,9760,0.46,166,24.6
1193050,41491.00000,8390,0.46,168,24.6
1193050,41492.00000,8800,0.45,169,24.3
1193050,41493.00000,8030,0.43,169,24.3
1193050,41494.00000,8730,0.44,174,24.2
1193050,41495.00000,12700,0.43,176,24.3
1193050,41496.00000,20700,0.43,176,24.2
1193050,41497.00000,23200,0.41,153,23.9
1193050,41498.00000,18300,0.33,139,23.9
1193050,41499.00000,13500,0.31,139,23.9
1193050,41500.00000,13300,0.32,150,24
1193050,41501.00000,11800,0.34,156,23.6
1193050,41502.00000,9930,0.38,160,23.4
1193050,41503.00000,7620,0.39,166,23.4
1193050,41504.00000,7320,0.4,166,23.5
1193050,41505.00000,8060,0.42,171,23.6
1193050,41506.00000,7570,0.44,174,24
1193050,41507.00000,6430,0.42,172,24.2
1193050,41508.00000,8060,0.42,171,24.3
1193050,41509.00000,8220,0.44,168,24.8
1193050,41510.00000,6730,0.45,171,24.8
1193050,41511.00000,5850,0.44,172,24.7
1193050,41512.00000,5920,0.43,171,24.6
1193050,41513.00000,7680,0.49,174,24.4
1193050,41514.00000,7240,0.5,185,24.7
1193050,41515.00000,6300,0.51,188,24.1
1193050,41516.00000,5750,0.5,182,24.6
1193050,41517.00000,5800,0.5,175,25
1193050,41518.00000,7210,0.52,177,25
1193050,41519.00000,8680,0.54,185,25
1193050,41520.00000,11700,0.54,179,24.8
1193050,41521.00000,12900,0.51,167,24.1
1193050,41522.00000,11100,0.44,161,23.7
1193050,41523.00000,8430,0.43,162,23.4
1193050,41524.00000,6540,0.44,163,22.9
1193050,41525.00000,7390,0.45,161,22.7
1193050,41526.00000,8740,0.49,168,22
1193050,41527.00000,7530,0.53,172,21.8
1193050,41528.00000,6040,0.53,172,22.4
1193050,41529.00000,7180,0.52,165,23.1
1193050,41530.00000,11600,0.56,164,23.2
1193050,41531.00000,18500,0.56,168,23.3
1193050,41532.00000,21400,0.42,149,21.6
1193050,41533.00000,20700,0.36,145,20.8
1193050,41534.00000,17900,0.33,137,19.7
1193050,41535.00000,15900,0.34,143,19
1193050,41536.00000,13000,0.33,145,19.2
1193050,41537.00000,9870,0.35,155,19.5
1193050,41538.00000,8950,0.37,156,19.7
1193050,41539.00000,9600,0.4,156,20
1193050,41540.00000,10100,0.42,160,19.5
1193050,41541.00000,12800,0.48,158,19.1
1193050,41542.00000,11300,0.46,154,18.5
1193050,41543.00000,9970,0.41,142,18.8
1193050,41544.00000,8970,0.42,140,18.5
1193050,41545.00000,7300,0.41,144,18.5
1193050,41546.00000,6990,0.43,150,18.6
1193050,41547.00000,7390,0.46,154,18.3
1193050,41548.00000,7570,0.49,155,18.6
1193050,41549.00000,7540,0.5,155,18.9
1193050,41550.00000,7970,0.48,155,19
1193050,41551.00000,7050,0.47,157,19.2
1193050,41552.00000,7060,0.47,162,19.4
1193050,41553.00000,7450,0.47,164,19.3
1193050,41554.00000,8090,0.49,166,19.1
1193050,41555.00000,9640,0.5,168,18.9
1193050,41556.00000,10100,0.51,169,18.2
1193050,41557.00000,11500,0.5,162,17.6
1193050,41558.00000,10600,0.45,150,16.7
1193050,41559.00000,8940,0.43,154,16.4
1193050,41560.00000,7290,0.43,153,16.1
1193050,41561.00000,6020,0.43,159,16.2
1193050,41562.00000,6280,0.45,163,16.1
1193050,41563.00000,6720,0.48,165,16.2
1193050,41564.00000,6820,0.48,164,16.1
1193050,41565.00000,6920,0.48,163,16
1193050,41566.00000,7010,0.48,162,16
1193050,41567.00000,7980,0.5,164,16.1
1193050,41568.00000,7940,0.5,168,16
1193050,41569.00000,7350,0.49,167,15.4
1193050,41570.00000,7280,0.47,168,14.9
1193050,41571.00000,8400,0.46,168,14.1
1193050,41572.00000,7760,0.45,172,13.2
1193050,41573.00000,6620,0.46,172,12.4
1193050,41574.00000,7250,0.46,173,12
1193050,41575.00000,6960,0.47,174,11.4
1193050,41576.00000,5870,0.48,174,11.1
1193050,41577.00000,6380,0.47,175,11.1
1193050,41578.00000,6450,0.47,175,10.9
1193050,41579.00000,6360,0.48,176,11.3
1193050,41580.00000,8640,0.46,181,11.5
1193050,41581.00000,15000,0.48,178,11.6
1193050,41582.00000,15200,0.4,163,10.7
1193050,41583.00000,11500,0.34,152,10.1
1193050,41584.00000,8830,0.35,155,9.9
1193050,41585.00000,7790,0.34,155,9.8
1193050,41586.00000,8180,0.37,154,9.7
1193050,41587.00000,8710,0.4,163,9.5
1193050,41588.00000,9440,0.44,164,9.2
1193050,41589.00000,9180,0.43,155,8.4
1193050,41590.00000,9140,0.43,155,8.2
1193050,41591.00000,NaN,NaN,NaN,NaN
1193050,41592.00000,NaN,NaN,NaN,NaN
1193050,41593.00000,NaN,NaN,NaN,NaN
1193050,41594.00000,NaN,NaN,NaN,NaN
1193050,41595.00000,NaN,NaN,NaN,NaN
1193050,41596.00000,NaN,NaN,NaN,NaN
1193050,41597.00000,9100,0.44,149,7.7
1193050,41598.00000,10900,0.5,162,7.5
1193050,41599.00000,12000,0.48,158,6.5
1193050,41600.00000,11300,0.44,141,5.9
1193050,41601.00000,10700,0.42,138,6
1193050,41602.00000,10700,0.43,142,5.3
1193050,41603.00000,9180,0.46,146,4.3
1193050,41604.00000,10300,0.46,144,3.1
1193050,41605.00000,14700,0.44,143,3.5
1193050,41606.00000,23900,0.49,149,4.3
1193050,41607.00000,28000,0.42,127,3.3
1193050,41608.00000,26800,0.34,111,2.7
1193050,41609.00000,20400,0.33,111,2.1
1193050,41610.00000,13000,0.35,115,2
1193050,41611.00000,11900,0.37,118,2.3
1193050,41612.00000,13700,0.41,125,2.5
1193050,41613.00000,14400,0.41,129,2.7
1193050,41614.00000,14900,0.39,125,3.2
1193050,41615.00000,14300,0.39,123,3.4
1193050,41616.00000,15200,0.43,132,3.1
1193050,41617.00000,15900,0.41,133,2.6
1193050,41618.00000,16800,0.41,135,2.3
1193050,41619.00000,13300,0.41,163,2.1
1193050,41620.00000,9750,0.41,169,1.6
1193050,41621.00000,11100,0.45,169,0.8
1193050,41622.00000,8370,0.48,164,0.4
1193050,41623.00000,7000,0.47,159,0
1193050,41624.00000,6580,0.49,161,0
1193050,41625.00000,4970,0.51,168,0
1193050,41626.00000,5880,0.52,172,0
1193050,41627.00000,6710,0.56,181,0
1193050,41628.00000,7430,0.58,181,0
1193050,41629.00000,10000,0.58,175,0.1
1193050,41630.00000,12300,0.55,188,0.6
1193050,41631.00000,19600,0.55,213,1.6
1193050,41632.00000,35300,0.48,184,2.5
1193050,41633.00000,42100,0.36,130,1.1
1193050,41634.00000,34800,0.37,136,0.4
1193050,41635.00000,27100,0.38,130,0.1
1193050,41636.00000,22600,0.38,112,0.1
1193050,41637.00000,19700,0.4,120,0.4
1193050,41638.00000,22000,0.43,141,0.8
1193050,41639.00000,23100,0.46,150,0.6
1193050,41640.00000,20000,0.41,128,0.1
1193050,41641.00000,14300,0.4,123,0
1193050,41642.00000,7460,0.42,123,0.1
1193050,41643.00000,6740,0.43,127,0.1
1193050,41644.00000,10300,0.48,142,0
1193050,41645.00000,14900,0.53,156,0
1193050,41646.00000,17900,0.52,227,0
1193050,41647.00000,19800,0.52,248,-0.1
1193050,41648.00000,21500,0.43,174,-0.1
1193050,41649.00000,19200,0.39,142,-0.1
1193050,41650.00000,20000,0.43,169,0.1
1193050,41651.00000,27700,0.45,210,0.1
1193050,41652.00000,38500,NaN,204,0
1193050,41653.00000,48800,NaN,136,0.2
1193050,41654.00000,52600,NaN,142,0.6
1193050,41655.00000,52500,NaN,127,1
1193050,41656.00000,51200,NaN,107,1.1
1193050,41657.00000,47100,NaN,109,1.1
1193050,41658.00000,39900,NaN,121,1
1193050,41659.00000,33200,NaN,120,0.9
1193050,41660.00000,28600,NaN,115,0.6
1193050,41661.00000,21000,NaN,119,0.1
1193050,41662.00000,13200,NaN,125,0.5
1193050,41663.00000,12100,NaN,133,0.6
1193050,41664.00000,15200,NaN,138,0.4
1193050,41665.00000,17000,NaN,133,0.2
1193050,41666.00000,15900,NaN,134,0.1
1193050,41667.00000,15500,NaN,141,0
1193050,41668.00000,15800,NaN,144,0
1193050,41669.00000,16300,NaN,139,-0.1
1193050,41670.00000,15700,NaN,139,0
1193050,41671.00000,14300,NaN,139,0
1193050,41672.00000,13800,NaN,143,0
1193050,41673.00000,13500,NaN,147,0
1193050,41674.00000,13700,NaN,151,0
1193050,41675.00000,12800,NaN,164,0
1193050,41676.00000,13200,NaN,179,-0.1
1193050,41677.00000,14500,NaN,179,-0.1
1193050,41678.00000,12800,NaN,183,0
1193050,41679.00000,11900,NaN,182,0
1193050,41680.00000,11300,NaN,178,0
1193050,41681.00000,11300,NaN,175,0
1193050,41682.00000,11800,NaN,176,0
1193050,41683.00000,11000,NaN,175,0
1193050,41684.00000,11200,NaN,175,-0.1
1193050,41685.00000,9660,NaN,191,0
1193050,41686.00000,11800,NaN,215,0
1193050,41687.00000,12000,NaN,222,0
1193050,41688.00000,9680,NaN,198,-0.1
1193050,41689.00000,10900,NaN,200,-0.1
1193050,41690.00000,11300,NaN,208,0
1193050,41691.00000,10700,NaN,216,0
1193050,41692.00000,12000,NaN,273,0
1193050,41693.00000,13600,NaN,312,0.2
1193050,41694.00000,16200,NaN,285,0.3
1193050,41695.00000,17100,NaN,243,0.1
1193050,41696.00000,15200,NaN,216,0.2
1193050,41697.00000,14200,NaN,208,0.2
1193050,41698.00000,13700,NaN,204,0
1193050,41699.00000,13300,NaN,200,0.1
1193050,41700.00000,13900,NaN,189,0.2
1193050,41701.00000,11100,NaN,189,0
1193050,41702.00000,10100,NaN,195,0.1
1193050,41703.00000,11400,NaN,194,0.1
1193050,41704.00000,10600,NaN,184,0.2
1193050,41705.00000,10500,NaN,182,0.3
1193050,41706.00000,10300,NaN,185,0.7
1193050,41707.00000,9890,NaN,185,1.5
1193050,41708.00000,8850,NaN,190,2.3
1193050,41709.00000,10200,NaN,196,3.2
1193050,41710.00000,12900,NaN,209,3.9
1193050,41711.00000,17100,NaN,225,3.5
1193050,41712.00000,15700,NaN,229,2.5
1193050,41713.00000,15900,0.59,211,2.2
1193050,41714.00000,14200,0.56,193,2.6
1193050,41715.00000,12900,0.55,195,2.8
1193050,41716.00000,14700,0.57,197,2.4
1193050,41717.00000,13500,NaN,183,2.6
1193050,41718.00000,15500,NaN,187,3.3
1193050,41719.00000,16900,NaN,202,3.8
1193050,41720.00000,16000,NaN,201,4.2
1193050,41721.00000,15600,NaN,189,3.8
1193050,41722.00000,14100,NaN,186,3.5
1193050,41723.00000,13500,NaN,184,3.1
1193050,41724.00000,14100,NaN,181,3
1193050,41725.00000,12600,NaN,181,2.8
1193050,41726.00000,10300,0.51,185,3
1193050,41727.00000,9940,0.53,188,3.5
1193050,41728.00000,33600,0.53,187,4.4
1193050,41729.00000,56200,0.43,151,3.8
1193050,41730.00000,66500,0.34,127,2.8
1193050,41731.00000,66600,0.32,120,3
1193050,41732.00000,58200,0.33,122,3.7
1193050,41733.00000,52700,0.32,120,4.2
1193050,41734.00000,52400,0.31,119,4.2
1193050,41735.00000,53900,0.31,117,4.2
1193050,41736.00000,53900,0.3,116,4.2
1193050,41737.00000,54300,0.3,120,4.4
1193050,41738.00000,60000,0.3,121,4.7
1193050,41739.00000,68700,0.26,108,4.3
1193050,41740.00000,72400,0.26,106,4.8
1193050,41741.00000,72500,0.27,105,5.3
1193050,41742.00000,75600,0.26,96,6
1193050,41743.00000,76400,0.26,93,7
1193050,41744.00000,81400,0.27,91,7.7
1193050,41745.00000,88700,0.28,97,7.6
1193050,41746.00000,93200,0.28,90,7.5
1193050,41747.00000,95600,0.29,86,7
1193050,41748.00000,93500,0.28,86,6.4
1193050,41749.00000,88100,0.27,87,6.2
1193050,41750.00000,76700,0.28,95,6.9
1193050,41751.00000,61300,0.29,102,8
1193050,41752.00000,50500,0.29,105,8.6
1193050,41753.00000,44200,0.3,108,8.6
1193050,41754.00000,40600,0.32,108,9
1193050,41755.00000,39300,0.34,114,9.5
1193050,41756.00000,40400,0.35,122,9.4
1193050,41757.00000,41200,0.35,117,9.4
1193050,41758.00000,38500,0.33,114,9.5
1193050,41759.00000,38400,0.33,117,9.2
1193050,41760.00000,49900,0.33,127,9
1193050,41761.00000,61600,0.31,113,9.3
1193050,41762.00000,63900,0.27,105,10
1193050,41763.00000,59100,0.26,111,10.7
1193050,41764.00000,51500,0.27,117,10.9
1193050,41765.00000,47300,0.29,116,11.1
1193050,41766.00000,46100,0.29,114,11.1
1193050,41767.00000,42500,0.29,114,11.2
1193050,41768.00000,35800,0.31,122,11.2
1193050,41769.00000,31900,0.32,125,12.1
1193050,41770.00000,30400,0.33,131,13.5
1193050,41771.00000,28000,0.34,131,14.7
1193050,41772.00000,26475,0.34,133.5,15.4
1193050,41773.00000,24950,0.34,136,15.8
1193050,41774.00000,23425,0.34,138.5,15.8
1193050,41775.00000,21900,0.34,141,16.2
1193050,41776.00000,30500,0.36,152,16.8
1193050,41777.00000,30960,0.34,145.8,17
1193050,41778.00000,31420,0.32,139.6,16.5
1193050,41779.00000,31880,0.3,133.4,16.2
1193050,41780.00000,32340,0.28,127.2,16.6
1193050,41781.00000,32800,0.26,121,16.7
1193050,41782.00000,30600,0.28,122,16.4
1193050,41783.00000,32600,0.3,123,16.4
1193050,41784.00000,38200,0.3,119,16.4
1193050,41785.00000,37400,0.26,112,16.4
1193050,41786.00000,32300,0.25,116,16.8
1193050,41787.00000,30100,0.26,120,16.6
1193050,41788.00000,31200,0.26,117,16
1193050,41789.00000,35300,0.27,113,16.4
1193050,41790.00000,36500,0.25,110,16.4
1193050,41791.00000,31300,0.25,117,16.5
1193050,41792.00000,25000,0.27,123,17.6
1193050,41793.00000,22600,0.29,123,18.5
1193050,41794.00000,22000,0.29,120,19.2
1193050,41795.00000,22300,0.3,122,19.5
1193050,41796.00000,19700,0.32,126,19.4
1193050,41797.00000,15500,0.32,130,19.8
1193050,41798.00000,13800,0.34,135,20.6
1193050,41799.00000,14000,0.35,137,21.1
1193050,41800.00000,13100,0.37,139,21.1
1193050,41801.00000,11400,0.37,139,20.8
1193050,41802.00000,10700,0.4,147,21
1193050,41803.00000,11600,0.42,154,20.8
1193050,41804.00000,16400,0.45,161,20.5
1193050,41805.00000,21700,0.44,158,20.4
1193050,41806.00000,22200,0.35,140,20.9
1193050,41807.00000,19900,0.3,138,21.8
1193050,41808.00000,16100,0.3,139,22.6
1193050,41809.00000,13900,0.31,145,23.1
1193050,41810.00000,12200,0.34,154,23.4
1193050,41811.00000,10700,0.32,158,23.7
1193050,41812.00000,10900,0.3,160,23.7
1193050,41813.00000,10200,0.31,162,23.8
1193050,41814.00000,9230,0.3,159,23.8
1193050,41815.00000,8040,0.28,161,23.8
1193050,41816.00000,13800,0.28,161,24.4
1193050,41817.00000,28200,0.33,155,24.5
1193050,41818.00000,30900,0.24,123,23.5
1193050,41819.00000,24300,0.23,129,24.1
1193050,41820.00000,17800,0.26,124,24
1193050,41821.00000,13800,0.26,128,24.6
1193050,41822.00000,11100,0.27,138,25.5
1193050,41823.00000,13200,0.28,145,26.2
1193050,41824.00000,20100,0.35,157,25.9
1193050,41825.00000,26300,0.33,138,24.3
1193050,41826.00000,27900,0.26,117,23.3
1193050,41827.00000,22900,0.24,111,23.5
1193050,41828.00000,19700,0.24,122,24.3
1193050,41829.00000,19100,0.26,128,25
1193050,41830.00000,18600,0.26,125,25.4
1193050,41831.00000,17700,0.27,127,25.5
1193050,41832.00000,15000,0.27,125,25.5
1193050,41833.00000,13400,0.27,128,25.7
1193050,41834.00000,13000,0.28,132,25.7
1193050,41835.00000,13300,0.29,134,25.4
1193050,41836.00000,15000,0.33,146,25.1
1193050,41837.00000,20400,0.34,143,25.3
1193050,41838.00000,21700,0.28,129,24.7
1193050,41839.00000,17200,0.26,127,24.1
1193050,41840.00000,13200,0.24,123,23.9
1193050,41841.00000,12200,0.24,125,24.1
1193050,41842.00000,12200,0.25,127,25
1193050,41843.00000,11600,0.25,128,25.6
1193050,41844.00000,11300,0.26,127,26
1193050,41845.00000,12300,0.27,134,26
1193050,41846.00000,12100,0.3,140,25.9
1193050,41847.00000,11100,0.28,137,25.6
1193050,41848.00000,13500,0.28,141,25.4
1193050,41849.00000,20800,0.29,148,24.9
1193050,41850.00000,26900,0.25,133,24.2
1193050,41851.00000,25800,0.23,130,24.1
1193050,41852.00000,19100,0.23,134,23.6
1193050,41853.00000,13700,0.24,121,23.1
1193050,41854.00000,8570,0.25,125,22.7
1193050,41855.00000,5290,0.25,131,23
1193050,41856.00000,5110,0.27,136,23.5
1193050,41857.00000,6280,0.29,142,24.6
1193050,41858.00000,7680,0.29,138,24.8
1193050,41859.00000,8220,0.29,140,24.5
1193050,41860.00000,8390,0.28,141,24.5
1193050,41861.00000,7880,0.27,140,24.6
1193050,41862.00000,7880,0.26,141,24.8
1193050,41863.00000,9070,0.27,146,24.9
1193050,41864.00000,12000,0.28,145,24.5
1193050,41865.00000,22100,0.29,154,23.7
1193050,41866.00000,26700,0.26,139,22.2
1193050,41867.00000,20300,0.24,125,21.5
1193050,41868.00000,16500,0.24,128,21.6
1193050,41869.00000,14200,0.25,133,22
1193050,41870.00000,11000,0.26,134,22.3
1193050,41871.00000,9680,0.29,134,22.8
1193050,41872.00000,9920,0.3,138,23
1193050,41873.00000,10300,0.31,144,23.3
1193050,41874.00000,12000,0.32,148,23
1193050,41875.00000,12900,0.33,146,22.4
1193050,41876.00000,11300,0.31,141,22.6
1193050,41877.00000,10300,0.3,142,23.4
1193050,41878.00000,9260,0.3,146,24.1
1193050,41879.00000,7990,0.29,150,24.4
1193050,41880.00000,7250,0.29,153,24.2
1193050,41881.00000,5800,0.3,159,24.2
1193050,41882.00000,5580,0.31,165,24.2
1193050,41883.00000,6890,0.33,166,24.2
1193050,41884.00000,8120,0.38,173,25
1193050,41885.00000,8600,0.43,181,25.4
1193050,41886.00000,6780,0.41,172,25.7
1193050,41887.00000,6930,0.37,166,26
1193050,41888.00000,8450,0.35,166,26.3
1193050,41889.00000,7900,0.35,169,25.8
1193050,41890.00000,5640,0.33,170,25.2
1193050,41891.00000,5280,0.32,168,24.6
1193050,41892.00000,5580,0.33,164,24
1193050,41893.00000,6410,0.37,164,23.7
1193050,41894.00000,6470,0.43,171,22.8
1193050,41895.00000,5450,0.45,174,22.2
1193050,41896.00000,6450,0.44,175,21.5
1193050,41897.00000,5830,0.47,173,21.1
1193050,41898.00000,5400,0.48,175,20.7
1193050,41899.00000,5520,0.47,181,20.1
1193050,41900.00000,5790,0.5,187,20
1193050,41901.00000,5300,0.52,187,20
1193050,41902.00000,5690,0.52,190,19.5
1193050,41903.00000,6170,0.51,191,19.6
1193050,41904.00000,6590,0.49,191,19.6
1193050,41905.00000,5100,0.48,191,19
1193050,41906.00000,4290,0.48,191,19
1193050,41907.00000,5230,0.48,190,19
1193050,41908.00000,5240,0.5,192,19.1
1193050,41909.00000,4520,0.52,197,19.1
1193050,41910.00000,3700,0.51,205,19.5
1193050,41911.00000,4030,0.51,199,19.7
1193050,41912.00000,5000,0.52,200,19.5
1193050,41913.00000,5730,0.53,200,19.6
1193050,41914.00000,4610,0.56,201,19.7
1193050,41915.00000,4140,0.55,205,19.5
1193050,41916.00000,5170,0.54,208,19
1193050,41917.00000,8000,0.53,207,18.2
1193050,41918.00000,10100,0.56,204,17.6
1193050,41919.00000,10100,0.55,205,17.1
1193050,41920.00000,9640,0.518,189,17
1193050,41921.00000,9180,0.486,185,16.9
1193050,41922.00000,8720,0.454,186,16.9
1193050,41923.00000,8260,0.422,182,16.7
1193050,41924.00000,7800,0.39,184,15.9
1193050,41925.00000,6610,0.4,191,15.5
1193050,41926.00000,6660,0.4,200,15.7
1193050,41927.00000,6010,0.4,191,16.3
1193050,41928.00000,8530,0.4,193,16.9
1193050,41929.00000,14600,0.42,200,17.5
1193050,41930.00000,17300,0.39,186,17.5
1193050,41931.00000,16400,0.31,164,16.7
1193050,41932.00000,11900,0.27,158,15.5
1193050,41933.00000,10100,0.27,159,14.8
1193050,41934.00000,9770,0.29,162,14.2
1193050,41935.00000,15000,0.3,163,13.8
1193050,41936.00000,29100,0.3,156,13.1
1193050,41937.00000,35900,0.19,126,12.8
1193050,41938.00000,31475,0.1875,121.5,12.575
1193050,41939.00000,27050,0.185,117,12.35
1193050,41940.00000,22625,0.1825,112.5,12.125
1193050,41941.00000,18200,0.18,108,11.9
1193050,41942.00000,16400,0.2,111,12.1
1193050,41943.00000,14500,0.21,124,11.5
1193050,41944.00000,13600,0.22,131,10.9
1193050,41945.00000,15400,0.24,134,10
1193050,41946.00000,13000,0.26,140,8.9
1193050,41947.00000,11400,0.27,138,8.8
1193050,41948.00000,12300,0.28,139,9.3
1193050,41949.00000,10800,0.28,136,9.6
1193050,41950.00000,10200,0.29,140,9.6
1193050,41951.00000,9930,0.31,148,9
1193050,41952.00000,9660,0.34,146,8.9
1193050,41953.00000,9910,0.34,144,8.7
1193050,41954.00000,9920,0.34,143,8.7
1193050,41955.00000,9860,0.33,144,9.1
1193050,41956.00000,9890,0.33,146,9.1
1193050,41957.00000,9860,0.35,153,9
1193050,41958.00000,9310,0.36,154,8
1193050,41959.00000,7820,0.37,157,7.3
1193050,41960.00000,8820,0.37,163,6.8
1193050,41961.00000,14000,0.38,175,6.2
1193050,41962.00000,15500,0.4,178,5.4
1193050,41963.00000,15500,0.37,162,4.4
1193050,41964.00000,12600,0.33,153,3.9
1193050,41965.00000,10300,0.32,155,3.8
1193050,41966.00000,9080,0.35,155,3.6
1193050,41967.00000,9250,0.36,158,4.1
1193050,41968.00000,15100,0.38,166,5.4
1193050,41969.00000,17800,0.37,164,5.7
1193050,41970.00000,21200,0.33,164,4.3
1193050,41971.00000,19500,0.29,183,3.7
1193050,41972.00000,16100,0.29,182,3.4
1193050,41973.00000,15300,0.3,167,3.4
1193050,41974.00000,13700,0.32,156,3.7
1193050,41975.00000,12900,0.35,155,4.1
1193050,41976.00000,18000,0.37,159,4.2
1193050,41977.00000,22000,0.33,147,3.6
1193050,41978.00000,20800,0.31,136,3.3
1193050,41979.00000,21600,0.31,134,3.2
1193050,41980.00000,21800,0.33,147,3.2
1193050,41981.00000,23400,0.34,151,2.3
1193050,41982.00000,27400,0.3,142,1.5
1193050,41983.00000,35500,0.32,167,1.9
1193050,41984.00000,40900,0.3,142,2.2
1193050,41985.00000,39200,0.26,123,2.1
1193050,41986.00000,35100,0.27,122,2.1
1193050,41987.00000,30300,0.26,123,2
1193050,41988.00000,25300,0.28,129,2.1
1193050,41989.00000,23500,0.29,130,2.1
1193050,41990.00000,22900,0.3,133,2.3
1193050,41991.00000,22700,0.33,147,2.9
1193050,41992.00000,24600,0.33,140,2.9
1193050,41993.00000,26500,0.3,129,2.5
1193050,41994.00000,25300,0.29,129,2.3
1193050,41995.00000,22200,0.3,133,2.4
1193050,41996.00000,20100,0.31,137,2.7
1193050,41997.00000,21100,0.33,144,3
1193050,41998.00000,30100,0.34,145,3.7
1193050,41999.00000,42500,0.28,124,3.5
1193050,42000.00000,52700,0.21,107,3.1
1193050,42001.00000,53400,0.21,102,3.2
1193050,42002.00000,48200,0.23,103,3.1
1193050,42003.00000,45200,0.23,97,2.7
1193050,42004.00000,41300,0.24,101,2.2
1193050,42005.00000,33400,0.26,109,1.5
1193050,42006.00000,25300,0.28,111,1
1193050,42007.00000,19300,0.3,111,0.7
1193050,42008.00000,20200,0.32,119,0.7
1193050,42009.00000,22200,0.35,150,0.7
1193050,42010.00000,19000,0.36,173,0.2
1193050,42011.00000,16100,0.37,146,-0.1
1193050,42012.00000,9530,0.37,140,-0.1
1193050,42013.00000,8710,0.38,154,-0.1
1193050,42014.00000,9650,0.39,152,-0.1
1193050,42015.00000,9270,0.39,152,-0.1
1193050,42016.00000,9850,0.42,160,-0.1
1193050,42017.00000,11000,0.43,170,-0.1
1193050,42018.00000,12700,0.45,194,-0.1
1193050,42019.00000,13900,0.47,202,-0.1
1193050,42020.00000,13500,0.46,179,-0.1
1193050,42021.00000,10900,0.47,175,-0.1
1193050,42022.00000,12100,0.48,180,-0.1
1193050,42023.00000,18100,0.51,222,0
1193050,42024.00000,24300,0.51,272,-0.1
1193050,42025.00000,28700,0.42,222,-0.1
1193050,42026.00000,28800,0.38,188,-0.1
1193050,42027.00000,26600,0.37,172,-0.1
1193050,42028.00000,21900,0.38,171,-0.1
1193050,42029.00000,20100,0.4,171,-0.1
1193050,42030.00000,16000,0.42,190,-0.1
1193050,42031.00000,13100,0.42,201,-0.1
1193050,42032.00000,13800,0.43,198,-0.1
1193050,42033.00000,14100,0.46,194,-0.1
1193050,42034.00000,14900,0.47,188,-0.1
1193050,42035.00000,13800,0.49,190,-0.1
1193050,42036.00000,11800,0.49,188,-0.1
1193050,42037.00000,NaN,NaN,187,-0.1
1193050,42038.00000,NaN,NaN,187,-0.1
1193050,42039.00000,NaN,NaN,185,-0.1
1193050,42040.00000,NaN,NaN,182,-0.1
1193050,42041.00000,NaN,NaN,184,-0.1
1193050,42042.00000,NaN,NaN,201,-0.1
1193050,42043.00000,NaN,NaN,198,-0.1
1193050,42044.00000,NaN,NaN,179,-0.1
1193050,42045.00000,NaN,NaN,182,-0.1
1193050,42046.00000,NaN,NaN,191,-0.1
1193050,42047.00000,NaN,NaN,190,-0.1
1193050,42048.00000,NaN,NaN,194,-0.1
1193050,42049.00000,NaN,NaN,201,-0.1
1193050,42050.00000,NaN,NaN,201,0.1
1193050,42051.00000,NaN,NaN,193,0.5
1193050,42052.00000,11000,0.54,181,0.3
1193050,42053.00000,11900,0.53,174,0.2
1193050,42054.00000,11400,0.51,173,0.2
1193050,42055.00000,10300,0.52,177,0.4
1193050,42056.00000,10600,0.55,188,0
1193050,42057.00000,12100,0.55,187,-0.1
1193050,42058.00000,10600,0.53,178,0.3
1193050,42059.00000,8490,0.52,181,0.4
1193050,42060.00000,10300,0.54,201,0.5
1193050,42061.00000,NaN,NaN,217,0.4
1193050,42062.00000,NaN,NaN,197,0.4
1193050,42063.00000,NaN,NaN,188,0.4
1193050,42064.00000,NaN,NaN,192,0.1
1193050,42065.00000,NaN,NaN,186,-0.1
1193050,42066.00000,NaN,NaN,179,-0.1
1193050,42067.00000,8830,0.56,208,-0.1
1193050,42068.00000,8730,0.58,238,-0.1
1193050,42069.00000,8780,0.59,293,0
1193050,42070.00000,11000,0.61,324,0
1193050,42071.00000,10500,0.59,284,0
1193050,42072.00000,8460,0.57,246,0
1193050,42073.00000,8010,0.58,251,0.1
1193050,42074.00000,10900,0.6,283,0.2
1193050,42075.00000,12400,0.63,338,0.5
1193050,42076.00000,12300,0.64,349,0.7
1193050,42077.00000,15200,0.62,323,0.7
1193050,42078.00000,17000,0.58,299,0.5
1193050,42079.00000,15000,0.57,285,0.6
1193050,42080.00000,17200,0.57,274,0.9
1193050,42081.00000,17600,0.55,259,0.4
1193050,42082.00000,15500,0.56,247,0.5
1193050,42083.00000,14300,0.54,234,0.6
1193050,42084.00000,13600,0.53,227,0.5
1193050,42085.00000,13300,0.53,243,1
1193050,42086.00000,10700,0.55,264,1.3
1193050,42087.00000,9780,NaN,263,1.7
1193050,42088.00000,11400,NaN,258,2.2
1193050,42089.00000,12200,NaN,247,2.7
1193050,42090.00000,16700,NaN,252,3.1
1193050,42091.00000,22300,NaN,248,2.8
1193050,42092.00000,23900,NaN,210,1.9
1193050,42093.00000,21000,NaN,196,2.2
1193050,42094.00000,18600,NaN,199,2.6
1193050,42095.00000,17500,NaN,203,3.4
1193050,42096.00000,18400,NaN,206,4.2
1193050,42097.00000,21000,NaN,200,5
1193050,42098.00000,28000,NaN,192,5.6
1193050,42099.00000,37300,NaN,170,5.2
1193050,42100.00000,42400,NaN,141,4.1
1193050,42101.00000,39400,0.3,141,4
1193050,42102.00000,35500,0.3,143,3.9
1193050,42103.00000,35100,0.28,142,3.6
1193050,42104.00000,35500,0.29,146,3.4
1193050,42105.00000,35800,0.29,148,4
1193050,42106.00000,38400,0.26,138,4.9
1193050,42107.00000,43600,0.23,128,5.6
1193050,42108.00000,51000,0.21,123,6.2
1193050,42109.00000,61700,0.19,117,6.4
1193050,42110.00000,73700,0.17,105,6.8
1193050,42111.00000,79100,0.17,95,6.8
1193050,42112.00000,76000,0.19,95,7.1
1193050,42113.00000,70300,0.18,95,7.5
1193050,42114.00000,67000,0.18,95,7.5
1193050,42115.00000,67900,0.2,111,7.8
1193050,42116.00000,69400,0.19,105,7.9
1193050,42117.00000,71500,0.16,98,7.6
1193050,42118.00000,71100,0.15,100,7.1
1193050,42119.00000,67400,0.15,99,6.7
1193050,42120.00000,59600,0.17,106,7
1193050,42121.00000,48800,0.17,112,7.2
1193050,42122.00000,37200,0.19,119,7.7
1193050,42123.00000,30600,0.25,119,8.8
1193050,42124.00000,29700,0.32,117,9.5
1193050,42125.00000,29800,0.4,120,10.1
1193050,42126.00000,29500,0.48,123,10.5
1193050,42127.00000,26400,0.52,126,11.4
1193050,42128.00000,22000,0.55,131,12.2
1193050,42129.00000,20100,0.61,139,13.6
1193050,42130.00000,19100,0.67,143,14.3
1193050,42131.00000,20000,0.72,142,14.7
1193050,42132.00000,21800,0.74,140,15.7
1193050,42133.00000,21300,0.76,138,16.8
1193050,42134.00000,17000,0.74,139,17.7
1193050,42135.00000,14500,0.56,144,18.9
1193050,42136.00000,16300,0.34,155,20.5
1193050,42137.00000,17300,0.34,149,20.1
1193050,42138.00000,18000,0.34,143,18.8
1193050,42139.00000,18500,0.34,135,18.1
1193050,42140.00000,18500,0.34,133,17.9
1193050,42141.00000,17400,0.34,135,18.3
1193050,42142.00000,14800,0.32,137,19
1193050,42143.00000,13900,0.33,142,19.5
1193050,42144.00000,13500,NaN,151,19.2
1193050,42145.00000,12100,NaN,157,18.4
1193050,42146.00000,11000,NaN,155,18.3
1193050,42147.00000,10300,NaN,154,18
1193050,42148.00000,8590,NaN,159,18.4
1193050,42149.00000,7750,NaN,161,18.7
1193050,42150.00000,8180,NaN,162,19.6
1193050,42151.00000,9100,NaN,165,20.7
1193050,42152.00000,8870,NaN,164,21.5
1193050,42153.00000,7720,NaN,163,22.3
1193050,42154.00000,8350,NaN,162,23.1
1193050,42155.00000,10700,NaN,169,23.3
1193050,42156.00000,13800,NaN,174,22
1193050,42157.00000,23500,NaN,170,19.2
1193050,42158.00000,36800,NaN,156,17.6
1193050,42159.00000,39200,NaN,141,18.3
1193050,42160.00000,30300,NaN,141,18.2
1193050,42161.00000,22000,NaN,139,18.5
1193050,42162.00000,17100,NaN,137,18.7
1193050,42163.00000,14700,NaN,136,18.7
1193050,42164.00000,15100,NaN,138,18.9
1193050,42165.00000,14800,0.25,138,19.7
1193050,42166.00000,19000,0.27,140,20.7
1193050,42167.00000,24900,0.25,134,21.7
1193050,42168.00000,24600,0.2,122,22
1193050,42169.00000,20200,0.2,129,22.5
1193050,42170.00000,22100,0.2,136,22.3
1193050,42171.00000,28400,0.22,142,21.2
1193050,42172.00000,27200,0.2,135,20.9
1193050,42173.00000,22400,0.19,129,20.8
1193050,42174.00000,18700,0.19,126,20.9
1193050,42175.00000,17000,0.2,126,21.1
1193050,42176.00000,16300,0.21,128,21.2
1193050,42177.00000,19880,0.198,142,21.8
1193050,42178.00000,23460,0.186,139,22.6
1193050,42179.00000,27040,0.174,126,22.5
1193050,42180.00000,30620,0.162,122,22.6
1193050,42181.00000,34200,0.15,124,22.7
1193050,42182.00000,27200,0.15,124,21.6
1193050,42183.00000,23900,0.16,125,20.6
1193050,42184.00000,27100,0.19,129,19.7
1193050,42185.00000,33500,0.18,118,20
1193050,42186.00000,35000,0.14,109,20.3
1193050,42187.00000,35100,0.15,115,20.4
1193050,42188.00000,35400,0.14,117,20.3
1193050,42189.00000,32000,0.13,113,20.3
1193050,42190.00000,25900,0.13,116,20.4
1193050,42191.00000,20700,0.16,121,21.2
1193050,42192.00000,18100,0.18,128,22.1
1193050,42193.00000,16900,0.19,133,22.9
1193050,42194.00000,15100,0.19,135,23.1
1193050,42195.00000,15500,0.21,142,23.3
1193050,42196.00000,17000,0.22,140,23.9
1193050,42197.00000,14900,0.22,141,24.4
1193050,42198.00000,12700,0.2,141,25
1193050,42199.00000,13500,0.2,147,25.3
1193050,42200.00000,13300,0.21,148,25.6
1193050,42201.00000,11000,0.2,146,25.2
1193050,42202.00000,9140,0.18,151,25.1
1193050,42203.00000,8810,0.18,157,24.6
1193050,42204.00000,9180,0.2,168,25.1
1193050,42205.00000,10700,0.2,167,25.8
1193050,42206.00000,15100,0.24,168,26.2
1193050,42207.00000,18300,0.21,158,26.1
1193050,42208.00000,16200,0.17,155,25.6
1193050,42209.00000,13000,0.14,161,25.5
1193050,42210.00000,11300,0.14,167,25.7
1193050,42211.00000,8310,0.14,177,25.6
1193050,42212.00000,7300,0.15,177,25.5
1193050,42213.00000,8050,0.15,177,26.4
1193050,42214.00000,8840,0.15,188,26.7
1193050,42215.00000,9010,0.18,188,27.2
1193050,42216.00000,8400,0.2,182,27.7
1193050,42217.00000,8550,0.18,184,27.3
1193050,42218.00000,8430,0.18,182,26.9
1193050,42219.00000,7630,0.15,189,27.2
1193050,42220.00000,7600,0.12,183,27.5
1193050,42221.00000,7680,0.13,179,27.2
1193050,42222.00000,6220,0.13,177,26.7
1193050,42223.00000,5280,0.12,179,26.7
1193050,42224.00000,6280,0.11,177,26.3
1193050,42225.00000,5520,0.13,177,26.2
1193050,42226.00000,5080,0.13,181,25.9
1193050,42227.00000,7020,0.14,184,25.6
1193050,42228.00000,9870,0.16,185,25.4
1193050,42229.00000,10800,0.2,193,25.1
1193050,42230.00000,9740,0.22,183,25.4
1193050,42231.00000,8270,0.16,170,26
1193050,42232.00000,7640,0.13,166,26.5
1193050,42233.00000,7050,0.12,169,27.1
1193050,42234.00000,7530,0.13,175,27.6
1193050,42235.00000,7650,0.14,181,28
1193050,42236.00000,7460,0.14,184,28.2
1193050,42237.00000,7290,0.14,183,27.9
1193050,42238.00000,6300,0.18,182,27.3
1193050,42239.00000,4500,0.19,183,27.2
1193050,42240.00000,4360,0.21,197,27.4
1193050,42241.00000,6360,0.24,206,27
1193050,42242.00000,9530,0.28,198,26.7
1193050,42243.00000,11500,0.29,204,26.4
1193050,42244.00000,10100,0.31,194,25.8
1193050,42245.00000,5100,0.27,184,25.4
1193050,42246.00000,4170,0.25,187,25.7
1193050,42247.00000,6660,0.24,187,25.9
1193050,42248.00000,7340,0.26,195,26.1
1193050,42249.00000,5630,0.27,217,26.3
1193050,42250.00000,5060,0.25,235,26.7
1193050,42251.00000,5860,0.24,213,26.9
1193050,42252.00000,6690,0.24,209,26.7
1193050,42253.00000,4950,0.28,200,26.7
1193050,42254.00000,3610,0.27,199,26.8
1193050,42255.00000,3940,0.26,201,26.9
1193050,42256.00000,4460,0.24,198,27.1
1193050,42257.00000,5580,0.27,196,26.6
1193050,42258.00000,6320,0.31,196,25.5
1193050,42259.00000,6150,0.34,202,25.3
1193050,42260.00000,7190,0.36,207,24.8
1193050,42261.00000,8560,0.37,207,23.6
1193050,42262.00000,11700,0.38,198,23
1193050,42263.00000,12100,0.34,186,22.6
1193050,42264.00000,9840,0.29,169,23.1
1193050,42265.00000,8350,0.27,165,23.3
1193050,42266.00000,6680,0.26,170,23.8
1193050,42267.00000,6990,0.26,173,23.9
1193050,42268.00000,5860,0.26,175,23.3
1193050,42269.00000,5440,0.27,178,22.8
1193050,42270.00000,5250,0.29,185,22.3
1193050,42271.00000,4350,0.3,188,22.1
1193050,42272.00000,4700,0.32,191,21.8
1193050,42273.00000,5630,0.34,194,21
1193050,42274.00000,5240,0.38,202,20.3
1193050,42275.00000,4710,0.39,210,20.5
1193050,42276.00000,5170,0.39,209,21.1
1193050,42277.00000,12400,0.36,203,21.3
1193050,42278.00000,27100,0.32,199,20.6
1193050,42279.00000,36900,0.16,142,18.4
1193050,42280.00000,35600,0.12,135,16.8
1193050,42281.00000,26300,0.15,148,15.9
1193050,42282.00000,17000,0.16,151,15.8
1193050,42283.00000,11900,0.17,151,15.8
1193050,42284.00000,9000,0.2,148,15.9
1193050,42285.00000,7550,0.2,146,15.8
1193050,42286.00000,8040,0.22,148,16.3
1193050,42287.00000,9220,0.26,152,16.5
1193050,42288.00000,9200,0.3,159,16.6
1193050,42289.00000,9660,0.3,162,16.5
1193050,42290.00000,10700,0.29,153,16.1
1193050,42291.00000,10100,0.27,149,15.9
1193050,42292.00000,8330,0.26,147,15.7
1193050,42293.00000,7840,0.28,147,15.6
1193050,42294.00000,7620,0.29,148,15
1193050,42295.00000,6580,0.3,153,13.9
1193050,42296.00000,5770,0.31,158,13.1
1193050,42297.00000,6430,0.32,161,12.9
1193050,42298.00000,6730,0.33,163,12.6
1193050,42299.00000,7210,0.36,171,12.5
1193050,42300.00000,6920,0.35,171,12.8
1193050,42301.00000,4960,0.34,171,12.6
1193050,42302.00000,6380,0.32,168,12.5
1193050,42303.00000,6320,0.33,169,12.1
1193050,42304.00000,6110,0.34,178,11.6
1193050,42305.00000,7550,0.35,181,11.2
1193050,42306.00000,15500,0.34,182,12.1
1193050,42307.00000,22400,0.28,183,12.3
1193050,42308.00000,20800,0.19,164,11.1
1193050,42309.00000,18200,0.15,153,10.5
1193050,42310.00000,14500,0.15,151,10.5
1193050,42311.00000,11400,0.15,151,10.4
1193050,42312.00000,11300,0.17,151,10.6
1193050,42313.00000,9840,0.19,154,10.9
1193050,42314.00000,9440,0.2,160,11.5
1193050,42315.00000,9830,0.23,165,12
1193050,42316.00000,9040,0.25,164,12.1
1193050,42317.00000,7840,0.28,167,12
1193050,42318.00000,7190,0.3,167,11.2
1193050,42319.00000,8430,0.32,168,10.6
1193050,42320.00000,10900,0.34,167,10.2
1193050,42321.00000,13000,0.35,171,10
1193050,42322.00000,10200,0.35,173,9.5
1193050,42323.00000,9760,0.35,171,9.1
1193050,42324.00000,10900,0.33,170,8.8
1193050,42325.00000,9320,0.32,164,8.4
1193050,42326.00000,9210,0.32,158,8.2
1193050,42327.00000,10300,0.34,161,8.3
1193050,42328.00000,13800,0.33,169,8.5
1193050,42329.00000,17300,0.35,164,8.5
1193050,42330.00000,20200,0.31,155,7.9
1193050,42331.00000,19100,0.27,143,7.3
1193050,42332.00000,16800,0.26,145,6.5
1193050,42333.00000,15200,0.25,142,5.6
1193050,42334.00000,12700,0.26,142,5.4
1193050,42335.00000,10200,0.28,146,5.9
1193050,42336.00000,9390,0.29,150,6.5
1193050,42337.00000,10700,0.32,154,6.7
1193050,42338.00000,11000,0.35,158,6.6
1193050,42339.00000,10600,0.37,155,5.8
1193050,42340.00000,11200,0.36,156,5.3
1193050,42341.00000,12600,0.36,160,5
1193050,42342.00000,14400,0.37,160,5.1
1193050,42343.00000,18200,0.37,153,5
1193050,42344.00000,18600,0.32,137,4.6
1193050,42345.00000,16600,0.3,139,4.4
1193050,42346.00000,13700,0.29,138,4.2
1193050,42347.00000,12900,0.3,151,4
1193050,42348.00000,12300,0.32,157,4.3
1193050,42349.00000,11400,0.33,159,4.7
1193050,42350.00000,11500,0.34,153,5.3
1193050,42351.00000,10200,0.36,154,5.6
1193050,42352.00000,9080,0.36,154,5.9
1193050,42353.00000,11500,0.36,152,6.7
1193050,42354.00000,12300,0.39,160,6.9
1193050,42355.00000,14700,0.38,165,6.8
1193050,42356.00000,17200,0.36,150,6.4
1193050,42357.00000,18400,0.35,150,5.8
1193050,42358.00000,16800,0.33,147,5.1
1193050,42359.00000,15800,0.32,142,4.7
1193050,42360.00000,15900,0.31,139,4.7
1193050,42361.00000,15500,0.31,141,5.1
1193050,42362.00000,23700,0.32,148,5.7
1193050,42363.00000,35100,0.3,140,6
1193050,42364.00000,38600,0.25,118,5.6
1193050,42365.00000,35400,0.23,111,6
1193050,42366.00000,31300,0.24,112,6.1
1193050,42367.00000,31200,0.24,111,5
1193050,42368.00000,32300,0.23,124,4.2
1193050,42369.00000,30200,0.24,138,3.8
1193050,42370.00000,26100,0.26,147,3.6
1193050,42371.00000,23500,0.27,141,3.1
1193050,42372.00000,22100,0.28,136,2.7
1193050,42373.00000,20300,0.28,131,2.2
1193050,42374.00000,19300,0.29,132,1.1
1193050,42375.00000,18400,0.3,132,0.1
1193050,42376.00000,13600,0.32,133,0
1193050,42377.00000,10700,0.32,136,0.2
1193050,42378.00000,11500,0.36,143,0.4
1193050,42379.00000,15800,0.38,149,1.1
1193050,42380.00000,27800,0.42,159,2.2
1193050,42381.00000,37800,0.35,138,1.3
1193050,42382.00000,40000,0.28,123,0.3
1193050,42383.00000,32200,0.28,128,-0.1
1193050,42384.00000,25800,0.28,126,0
1193050,42385.00000,22900,0.29,127,0.4
1193050,42386.00000,21800,0.32,136,0.8
1193050,42387.00000,21800,0.34,149,0.7
1193050,42388.00000,18400,0.35,145,0
1193050,42389.00000,12300,0.36,131,-0.1
1193050,42390.00000,10100,0.36,144,-0.1
1193050,42391.00000,8320,0.37,145,-0.1
1193050,42392.00000,7540,0.38,150,-0.1
1193050,42393.00000,8670,0.4,151,-0.1
1193050,42394.00000,9580,0.42,152,-0.1
1193050,42395.00000,9770,0.43,156,-0.1
1193050,42396.00000,9650,0.45,160,-0.1
1193050,42397.00000,9270,0.46,166,-0.1
1193050,42398.00000,11500,0.47,164,0
1193050,42399.00000,11400,0.45,160,0.3
1193050,42400.00000,11100,0.45,158,0.9
1193050,42401.00000,11200,0.46,163,1.2
1193050,42402.00000,12000,0.47,172,2
1193050,42403.00000,14900,0.47,169,2.6
1193050,42404.00000,21000,0.46,172,3.3
1193050,42405.00000,30400,0.41,165,2.7
1193050,42406.00000,35300,0.34,148,1.2
1193050,42407.00000,30000,0.31,149,0.8
1193050,42408.00000,22900,0.31,145,0.8
1193050,42409.00000,21700,0.3,144,0.5
1193050,42410.00000,22400,0.3,149,0.4
1193050,42411.00000,20200,0.31,160,0.3
1193050,42412.00000,12900,0.32,166,0
1193050,42413.00000,10700,0.35,171,-0.1
1193050,42414.00000,8710,0.38,174,-0.1
1193050,42415.00000,8830,0.39,170,-0.1
1193050,42416.00000,12600,0.42,172,-0.1
1193050,42417.00000,17900,0.43,235,-0.1
1193050,42418.00000,22700,0.46,285,-0.1
1193050,42419.00000,27500,0.38,188,-0.1
1193050,42420.00000,30200,0.34,167,0.3
1193050,42421.00000,26400,0.34,166,1.1
1193050,42422.00000,23700,0.36,168,1.5
1193050,42423.00000,22900,0.36,167,1.4
1193050,42424.00000,27300,0.34,156,1.2
1193050,42425.00000,45600,0.37,176,3
1193050,42426.00000,72300,0.27,128,2.3
1193050,42427.00000,85300,0.21,95,1.1
1193050,42428.00000,81600,0.21,94,1.3
1193050,42429.00000,67700,0.25,98,2.1
1193050,42430.00000,52900,0.25,99,2.2
1193050,42431.00000,43400,0.28,108,2.7
1193050,42432.00000,41100,0.29,111,2.4
1193050,42433.00000,39000,0.29,106,2.2
1193050,42434.00000,33700,0.29,109,2.2
1193050,42435.00000,28600,0.31,117,2.3
1193050,42436.00000,26500,0.32,120,2.6
1193050,42437.00000,24800,0.315,120,3.1
1193050,42438.00000,22700,0.31,124,4
1193050,42439.00000,23300,0.305,128,5
1193050,42440.00000,28500,0.3,128,5.8
1193050,42441.00000,38200,0.29,116,5.5
1193050,42442.00000,43400,0.25,106,5.7
1193050,42443.00000,37700,0.26,112,6.2
1193050,42444.00000,34900,0.25,116,6.1
1193050,42445.00000,36400,0.26,118,6
1193050,42446.00000,38000,0.24,113,6.5
1193050,42447.00000,40100,0.23,113,6.4
1193050,42448.00000,42400,0.21,104,6
1193050,42449.00000,39600,0.22,106,5.9
1193050,42450.00000,35100,0.22,112,5.7
1193050,42451.00000,30600,0.24,120,5.7
1193050,42452.00000,26300,0.26,123,6
1193050,42453.00000,25100,0.27,122,6.3
1193050,42454.00000,25200,0.27,119,6.6
1193050,42455.00000,25000,0.27,122,6.4
1193050,42456.00000,24600,0.28,121,6.4
1193050,42457.00000,23900,0.28,124,6.4
1193050,42458.00000,25500,0.3,146,6.5
1193050,42459.00000,28700,0.31,135,6.6
1193050,42460.00000,29600,0.27,125,7
1193050,42461.00000,26700,0.26,127,8.3
1193050,42462.00000,26900,0.26,127,9
1193050,42463.00000,32500,0.25,128,8.3
1193050,42464.00000,34300,0.25,134,7.1
1193050,42465.00000,34600,0.24,135,6
1193050,42466.00000,29900,0.25,153,5.6
1193050,42467.00000,25200,0.26,156,6.1
1193050,42468.00000,28300,0.29,164,6.4
1193050,42469.00000,34400,0.28,148,5.9
1193050,42470.00000,34800,0.24,123,5.6
1193050,42471.00000,31000,0.24,126,6
1193050,42472.00000,28800,0.25,129,6.4
1193050,42473.00000,29500,0.26,135,6.9
1193050,42474.00000,31900,0.25,124,7.4
1193050,42475.00000,32500,0.23,117,8
1193050,42476.00000,30700,0.22,118,8.6
1193050,42477.00000,27300,0.24,128,9.3
1193050,42478.00000,23500,0.25,128,10.3
1193050,42479.00000,21900,0.26,129,11.1
1193050,42480.00000,20500,0.27,129,11.5
1193050,42481.00000,19500,0.28,134,11.9
1193050,42482.00000,21300,0.29,133,12.9
1193050,42483.00000,23200,0.28,131,13.6
1193050,42484.00000,21500,0.28,137,13.4
1193050,42485.00000,17600,0.28,137,13.4
1193050,42486.00000,15700,0.29,142,13.5
1193050,42487.00000,18000,0.32,151,13.3
1193050,42488.00000,17700,0.33,148,12.9
1193050,42489.00000,15800,0.32,144,13
1193050,42490.00000,14000,0.31,142,13.1
1193050,42491.00000,13300,0.33,146,13.1
1193050,42492.00000,13400,0.35,150,13.1
1193050,42493.00000,16000,NaN,153,12.1
1193050,42494.00000,20600,NaN,156,11.7
1193050,42495.00000,22200,NaN,148,11.2
1193050,42496.00000,21100,NaN,141,11.1
1193050,42497.00000,20800,NaN,144,11.2
1193050,42498.00000,20600,NaN,144,11.5
1193050,42499.00000,20200,NaN,147,12.1
1193050,42500.00000,19100,0.21,146,12.9
1193050,42501.00000,17700,0.2,142,13.8
1193050,42502.00000,18100,0.19,140,14.8
1193050,42503.00000,16600,0.17,136,15.4
1193050,42504.00000,14700,0.16,139,15.9
1193050,42505.00000,15400,0.18,150,15.9
1193050,42506.00000,16700,0.21,152,15.5
1193050,42507.00000,18500,0.2,145,14.7
1193050,42508.00000,20800,0.17,134,14.8
1193050,42509.00000,20300,0.15,130,15.4
1193050,42510.00000,18800,0.15,136,15.9
1193050,42511.00000,16700,0.16,140,16.3
1193050,42512.00000,14300,0.16,138,16.4
1193050,42513.00000,13900,0.17,140,16.8
1193050,42514.00000,14400,0.18,144,17.2
1193050,42515.00000,12500,0.18,147,17.9
1193050,42516.00000,10600,0.19,146,18.4
1193050,42517.00000,11300,0.23,152,19.7
1193050,42518.00000,11500,0.24,154,21.1
1193050,42519.00000,9720,0.24,149,22.3
1193050,42520.00000,9340,0.25,148,22.7
1193050,42521.00000,9640,0.26,156,23.6
1193050,42522.00000,9900,0.28,162,23.9
1193050,42523.00000,10200,0.29,161,24
1193050,42524.00000,8140,0.28,153,23.5
1193050,42525.00000,5850,0.27,149,23.4
1193050,42526.00000,7560,0.28,155,23.2
1193050,42527.00000,9270,0.29,160,23.1
1193050,42528.00000,16400,0.36,181,23.4
1193050,42529.00000,20700,0.33,167,23.2
1193050,42530.00000,15800,0.24,148,21.7
1193050,42531.00000,9950,0.22,149,21.2
1193050,42532.00000,8410,0.24,155,21
1193050,42533.00000,10600,0.26,162,21
1193050,42534.00000,8930,0.29,170,20.7
1193050,42535.00000,7200,0.29,172,20.7
1193050,42536.00000,7360,0.29,174,21.5
1193050,42537.00000,9200,0.3,180,21.8
1193050,42538.00000,9220,0.31,185,22.7
1193050,42539.00000,8380,0.23,178,23.4
1193050,42540.00000,6550,0.21,169,23.6
1193050,42541.00000,4960,0.18,169,24.1
1193050,42542.00000,5010,0.15,167,24.6
1193050,42543.00000,5690,0.1,168,24.8
1193050,42544.00000,5250,0.06,172,24.9
1193050,42545.00000,5410,0.06,178,25.1
1193050,42546.00000,5660,0.09,184,25.3
1193050,42547.00000,5130,0.1,185,25.4
1193050,42548.00000,4580,0.09,184,25.3
1193050,42549.00000,4420,0.11,184,25.1
1193050,42550.00000,4900,0.15,186,25.4
1193050,42551.00000,7180,0.2,187,25.8
1193050,42552.00000,8350,0.19,198,25.6
1193050,42553.00000,8140,0.22,203,26
1193050,42554.00000,7060,0.21,188,25.8
1193050,42555.00000,6250,0.18,182,25.6
1193050,42556.00000,6040,0.18,178,25.7
1193050,42557.00000,6870,0.2,176,26.2
1193050,42558.00000,6240,0.2,176,26.7
1193050,42559.00000,5220,0.19,175,26.9
1193050,42560.00000,4510,0.18,173,26.5
1193050,42561.00000,6270,0.18,173,26.2
1193050,42562.00000,7540,0.2,179,26.2
1193050,42563.00000,7430,0.24,190,26
1193050,42564.00000,6340,0.26,195,25.8
1193050,42565.00000,6030,0.25,187,26.2
1193050,42566.00000,6260,0.24,181,26.6
1193050,42567.00000,7740,0.22,180,27.2
1193050,42568.00000,8290,0.21,181,27.7
1193050,42569.00000,7080,0.19,172,28.4
1193050,42570.00000,5890,0.16,164,28.1
1193050,42571.00000,4930,0.15,160,27.6
1193050,42572.00000,4330,0.16,160,27.6
1193050,42573.00000,4790,0.18,164,27.9
1193050,42574.00000,6080,0.18,170,28.3
1193050,42575.00000,5190,0.19,176,28.1
1193050,42576.00000,4170,0.19,180,28.5
1193050,42577.00000,6110,0.17,183,29
1193050,42578.00000,6640,0.15,173,29.1
1193050,42579.00000,5240,0.14,173,29.2
1193050,42580.00000,4950,0.13,176,29.2
1193050,42581.00000,5140,0.14,178,28.9
1193050,42582.00000,4570,0.13,178,28.4
1193050,42583.00000,4700,0.13,182,27.9
1193050,42584.00000,5590,0.15,184,27.4
1193050,42585.00000,6940,0.17,189,27.1
1193050,42586.00000,5820,0.18,192,26.6
1193050,42587.00000,4580,0.19,192,26.3
1193050,42588.00000,4110,0.19,189,26.1
1193050,42589.00000,4640,0.21,185,26.3
1193050,42590.00000,4550,0.19,180,26.6
1193050,42591.00000,3830,0.18,180,26.8
1193050,42592.00000,3110,0.17,180,27.1
1193050,42593.00000,4620,0.16,181,27.6
1193050,42594.00000,5930,0.17,178,27.7
1193050,42595.00000,5840,0.18,188,28.5
1193050,42596.00000,6290,0.16,199,28.9
1193050,42597.00000,7700,0.18,206,29.5
1193050,42598.00000,8450,0.16,197,29.5
1193050,42599.00000,6780,0.13,185,29.1
1193050,42600.00000,5030,0.12,177,28.8
1193050,42601.00000,5090,0.11,172,28.6
1193050,42602.00000,4010,0.12,171,28.4
1193050,42603.00000,4760,0.15,173,27.8
1193050,42604.00000,6910,0.15,177,27.4
1193050,42605.00000,7630,0.15,177,26.8
1193050,42606.00000,7630,0.15,183,26.7
1193050,42607.00000,7400,0.15,187,26.3
1193050,42608.00000,7470,0.12,184,26.6
1193050,42609.00000,7580,0.09,176,26.9
1193050,42610.00000,6040,0.09,172,26.9
1193050,42611.00000,4500,0.09,173,27.1
1193050,42612.00000,5200,0.08,172,27.1
1193050,42613.00000,5700,0.09,171,27
1193050,42614.00000,4910,0.11,175,26.6
1193050,42615.00000,4290,0.11,180,26
1193050,42616.00000,3650,0.1,182,25.6
1193050,42617.00000,3260,0.1,182,25.2
1193050,42618.00000,4030,0.11,182,24.4
1193050,42619.00000,4640,0.12,184,23.9
1193050,42620.00000,5240,0.16,187,23.7
1193050,42621.00000,4470,0.18,195,23.9
1193050,42622.00000,4180,0.18,201,24.5
1193050,42623.00000,4510,0.17,201,24.7
1193050,42624.00000,5230,0.14,199,24.7
1193050,42625.00000,4180,0.13,197,24.8
1193050,42626.00000,3260,0.12,198,25
1193050,42627.00000,3230,0.1,198,25.2
1193050,42628.00000,2590,0.1,199,24.8
1193050,42629.00000,2590,0.1,199,24.4
1193050,42630.00000,3440,0.11,199,23.8
1193050,42631.00000,3550,0.12,200,23.6
1193050,42632.00000,4160,0.14,204,23.7
1193050,42633.00000,5500,0.15,210,23.8
1193050,42634.00000,5070,0.13,216,23.5
1193050,42635.00000,3650,0.11,217,23.4
1193050,42636.00000,4040,0.11,208,23.4
1193050,42637.00000,4550,0.11,200,23.1
1193050,42638.00000,3490,0.12,197,22.5
1193050,42639.00000,2550,0.13,196,21.8
1193050,42640.00000,4080,0.13,197,21.8
1193050,42641.00000,4930,0.11,199,21.3
1193050,42642.00000,4340,0.12,197,20.5
1193050,42643.00000,4260,0.16,200,19.6
1193050,42644.00000,4590,0.17,206,18.6
1193050,42645.00000,3940,0.16,207,18.1
1193050,42646.00000,3670,0.15,204,18.3
1193050,42647.00000,3870,0.14,200,18.7
1193050,42648.00000,4660,0.16,199,18.4
1193050,42649.00000,5010,0.17,201,17.9
1193050,42650.00000,5330,0.21,204,17.4
1193050,42651.00000,4290,0.22,206,17.9
1193050,42652.00000,4410,0.21,206,17.9
1193050,42653.00000,3960,0.21,208,17
1193050,42654.00000,4220,0.19,207,16.5
1193050,42655.00000,4900,0.17,205,16.5
1193050,42656.00000,4550,0.16,205,16.7
1193050,42657.00000,3450,0.18,209,16
1193050,42658.00000,2910,0.2,211,15.4
1193050,42659.00000,2740,0.21,212,15.2
1193050,42660.00000,2690,0.19,212,15.5
1193050,42661.00000,3120,0.18,211,16.1
1193050,42662.00000,4500,0.14,207,16.9
1193050,42663.00000,3540,0.12,207,17.2
1193050,42664.00000,3850,0.12,210,17.6
1193050,42665.00000,6970,0.13,215,17.6
1193050,42666.00000,7170,0.1,216,17.1
1193050,42667.00000,6170,0.13,212,16.7
1193050,42668.00000,7380,0.19,209,15.3
1193050,42669.00000,6530,0.2,200,13.4
1193050,42670.00000,5570,0.22,200,12.4
1193050,42671.00000,7700,0.21,198,11.4
1193050,42672.00000,7220,0.22,200,10.6
1193050,42673.00000,10200,NaN,201,10.3
1193050,42674.00000,10800,NaN,200,10.4
1193050,42675.00000,10600,NaN,188,10.6
1193050,42676.00000,10900,NaN,183,11
1193050,42677.00000,9250,NaN,180,11.1
1193050,42678.00000,8390,NaN,176,11.4
1193050,42679.00000,8160,NaN,173,11.4
1193050,42680.00000,9490,NaN,174,10.9
1193050,42681.00000,10300,NaN,174,10
1193050,42682.00000,10700,NaN,169,9.3
1193050,42683.00000,9980,NaN,167,8.9
1193050,42684.00000,8130,NaN,166,8.6
1193050,42685.00000,7460,NaN,172,8.8
1193050,42686.00000,6020,NaN,180,8.1
1193050,42687.00000,5450,NaN,182,8
1193050,42688.00000,4290,NaN,183,8
1193050,42689.00000,5850,NaN,185,8.1
1193050,42690.00000,8750,NaN,188,8.1
1193050,42691.00000,9190,NaN,191,8.2
1193050,42692.00000,7810,0.42,186,8.2
1193050,42693.00000,7550,0.41,180,8.3
1193050,42694.00000,8950,0.39,174,8.1
1193050,42695.00000,8030,0.38,176,7.3
1193050,42696.00000,8580,0.39,179,6.8
1193050,42697.00000,9070,0.41,185,5.8
1193050,42698.00000,7760,0.39,174,5.1
1193050,42699.00000,7510,0.36,163,5.1
1193050,42700.00000,7260,0.38,164,5.4
1193050,42701.00000,7060,0.39,168,5.4
1193050,42702.00000,7660,0.4,172,5.4
1193050,42703.00000,8210,0.42,172,5.6
1193050,42704.00000,10600,0.42,174,5.7
1193050,42705.00000,17400,0.43,176,5.9
1193050,42706.00000,27500,0.42,171,5.8
1193050,42707.00000,31100,0.31,139,5
1193050,42708.00000,26300,0.3,136,4.8
1193050,42709.00000,21600,0.3,136,4.3
1193050,42710.00000,17300,0.31,136,4
1193050,42711.00000,13400,0.32,135,4.2
1193050,42712.00000,12800,0.35,142,4.2
1193050,42713.00000,13200,0.36,144,3.8
1193050,42714.00000,10800,0.36,145,3.1
1193050,42715.00000,8470,0.36,138,2.4
1193050,42716.00000,8280,0.37,138,2
1193050,42717.00000,8620,0.38,149,1.8
1193050,42718.00000,8520,0.42,171,1.9
1193050,42719.00000,10100,0.43,181,1.6
1193050,42720.00000,8560,0.44,184,1
1193050,42721.00000,6290,0.46,175,0.4
1193050,42722.00000,7800,0.46,168,0.3
1193050,42723.00000,9040,0.46,172,0.1
1193050,42724.00000,11800,0.52,195,0
1193050,42725.00000,16300,0.47,196,-0.1
1193050,42726.00000,14500,0.4,157,0
1193050,42727.00000,13200,0.41,164,0.1
1193050,42728.00000,13100,0.42,169,0.2
1193050,42729.00000,13100,0.42,177,0.3
1193050,42730.00000,11300,0.46,191,0.3
1193050,42731.00000,12600,0.45,193,0.9
1193050,42732.00000,11700,0.47,192,1
1193050,42733.00000,14100,0.47,186,1.2
1193050,42734.00000,17600,0.45,181,0.6
1193050,42735.00000,16000,0.43,181,0.2
