site_no,timestamp,Discharge..cfs,Nitrate..mg.N.L
1646500,41183,4730,1.15
1646500,41184,6420,1
1646500,41185,8140,0.96
1646500,41186,7700,0.94
1646500,41187,6000,1.21
1646500,41188,4910,1.37
1646500,41189,4220,1.31
1646500,41190,3800,1.29
1646500,41191,3510,1.23
1646500,41192,3250,1.2
1646500,41193,3070,1.18
1646500,41194,2920,1.17
1646500,41195,2810,1.11
1646500,41196,2740,1.07
1646500,41197,2570,1.05
1646500,41198,2760,1.02
1646500,41199,2570,1.01
1646500,41200,2430,0.99
1646500,41201,3020,0.9
1646500,41202,5280,0.88
1646500,41203,5170,1.06
1646500,41204,3830,1
1646500,41205,3220,1
1646500,41206,2900,1.01
1646500,41207,2760,1
1646500,41208,2680,0.97
1646500,41209,2540,0.96
1646500,41210,2450,0.95
1646500,41211,8080,1.23
1646500,41212,76200,1.34
1646500,41213,134000,1.45
1646500,41214,76800,1.56
1646500,41215,35100,1.67
1646500,41216,22600,1.78
1646500,41217,16900,1.89
1646500,41218,13700,1.97
1646500,41219,11500,2.02
1646500,41220,9990,2.06
1646500,41221,8800,2.09
1646500,41222,7910,2.13
1646500,41223,7220,2.14
1646500,41224,6640,2.16
1646500,41225,6120,2.17
1646500,41226,6870,2.02
1646500,41227,8250,1.98
1646500,41228,7900,1.9
1646500,41229,7040,1.94
1646500,41230,6940,1.91
1646500,41231,6600,1.88
1646500,41232,6080,1.85
1646500,41233,5700,1.82
1646500,41234,5410,1.79
1646500,41235,5140,1.76
1646500,41236,4940,1.73
1646500,41237,4770,1.7
1646500,41238,4470,1.67
1646500,41239,4250,1.64
1646500,41240,4240,1.61
1646500,41241,4190,1.64
1646500,41242,4250,1.64
1646500,41243,4190,1.64
1646500,41244,3990,1.64
1646500,41245,3870,1.62
1646500,41246,3770,1.58
1646500,41247,3690,1.54
1646500,41248,3630,1.52
1646500,41249,3530,1.53
1646500,41250,3430,1.53
1646500,41251,3410,1.51
1646500,41252,3520,1.52
1646500,41253,3630,1.49
1646500,41254,3850,1.52
1646500,41255,4330,1.55
1646500,41256,4670,1.62
1646500,41257,4900,1.64
1646500,41258,4900,1.58
1646500,41259,4750,1.52
1646500,41260,4580,1.52
1646500,41261,4520,1.46
1646500,41262,4400,1.38
1646500,41263,4590,1.36
1646500,41264,6160,1.14
1646500,41265,11800,1.34
1646500,41266,14800,1.41
1646500,41267,13200,1.44
1646500,41268,11500,1.5
1646500,41269,12100,1.5
1646500,41270,19700,1.5
1646500,41271,19000,1.49
1646500,41272,14800,1.49
1646500,41273,12700,1.52
1646500,41274,11400,1.6
1646500,41275,10600,1.64
1646500,41276,10100,1.64
1646500,41277,9720,1.63
1646500,41278,9480,1.63
1646500,41279,9040,1.6
1646500,41280,8510,1.58
1646500,41281,8110,1.58
1646500,41282,7880,1.55
1646500,41283,7970,1.54
1646500,41284,8160,1.54
1646500,41285,8150,1.51
1646500,41286,8330,1.52
1646500,41287,10300,1.49
1646500,41288,13700,1.51
1646500,41289,17000,1.35
1646500,41290,23300,1.17
1646500,41291,37400,1.28
1646500,41292,47500,1.22
1646500,41293,39900,1.14
1646500,41294,29900,1.35
1646500,41295,23900,1.43
1646500,41296,20100,1.47
1646500,41297,16500,1.5
1646500,41298,13400,1.5
1646500,41299,11200,1.53
1646500,41300,9470,1.61
1646500,41301,8940,1.67
1646500,41302,8750,1.75
1646500,41303,8920,1.81
1646500,41304,9150,1.84
1646500,41305,64100,1.25
1646500,41306,91400,1.31
1646500,41307,82100,1.37
1646500,41308,49700,1.43
1646500,41309,34800,1.49
1646500,41310,27800,1.55
1646500,41311,23000,1.61
1646500,41312,19100,1.67
1646500,41313,16800,1.73
1646500,41314,15100,1.79
1646500,41315,13400,1.83
1646500,41316,12700,1.83
1646500,41317,12300,1.86
1646500,41318,11800,1.89
1646500,41319,11500,1.87
1646500,41320,11500,1.86
1646500,41321,11500,1.84
1646500,41322,11200,1.81
1646500,41323,10400,1.78
1646500,41324,9590,1.75
1646500,41325,9250,1.74
1646500,41326,8920,1.75
1646500,41327,8450,1.77
1646500,41328,8120,1.77
1646500,41329,7790,1.76
1646500,41330,7320,1.77
1646500,41331,7190,1.6
1646500,41332,11000,1.52
1646500,41333,15800,1.59
1646500,41334,15700,1.59
1646500,41335,16000,1.61
1646500,41336,15000,1.53
1646500,41337,13500,1.42
1646500,41338,12200,1.41
1646500,41339,12200,1.36
1646500,41340,14100,1.34
1646500,41341,14500,1.33
1646500,41342,14400,1.32
1646500,41343,14700,1.31
1646500,41344,14700,1.3
1646500,41345,20400,1.29
1646500,41346,36200,1.28
1646500,41347,43600,1.27
1646500,41348,40000,1.26
1646500,41349,30400,1.25
1646500,41350,24500,1.24
1646500,41351,20600,1.23
1646500,41352,19600,1.22
1646500,41353,18800,1.21
1646500,41354,19800,1.2
1646500,41355,22400,1.19
1646500,41356,21300,1.13
1646500,41357,18800,1.11
1646500,41358,16800,1.12
1646500,41359,16300,1.14
1646500,41360,16100,1.13
1646500,41361,16300,1.12
1646500,41362,16300,1.1
1646500,41363,15500,1.05
1646500,41364,14600,1
1646500,41365,14200,1.01
1646500,41366,14300,1.05
1646500,41367,15300,1.03
1646500,41368,16500,0.97
1646500,41369,16500,0.91
1646500,41370,14900,0.89
1646500,41371,13500,0.91
1646500,41372,12500,0.92
1646500,41373,11400,0.91
1646500,41374,10900,0.89
1646500,41375,11000,9.86
1646500,41376,12200,0.85
1646500,41377,13000,0.81
1646500,41378,19000,0.8
1646500,41379,22300,0.75
1646500,41380,18800,0.74
1646500,41381,16100,0.82
1646500,41382,14700,0.85
1646500,41383,13800,0.85
1646500,41384,16400,0.8
1646500,41385,16100,0.85
1646500,41386,17900,0.89
1646500,41387,17100,0.82
1646500,41388,15300,0.79
1646500,41389,13900,0.81
1646500,41390,12700,0.8
1646500,41391,11600,0.78
1646500,41392,10300,0.74
1646500,41393,9500,0.74
1646500,41394,9210,0.77
1646500,41395,9120,0.8
1646500,41396,8670,0.82
1646500,41397,7960,0.84
1646500,41398,7840,0.83
1646500,41399,7070,0.83
1646500,41400,6560,0.84
1646500,41401,6700,0.86
1646500,41402,8370,0.86
1646500,41403,51400,0.84
1646500,41404,89900,0.82
1646500,41405,59700,0.8
1646500,41406,46100,0.75
1646500,41407,38800,0.78
1646500,41408,30700,0.81
1646500,41409,24200,0.84
1646500,41410,20400,0.88
1646500,41411,17000,0.91
1646500,41412,14800,0.93
1646500,41413,12800,0.96
1646500,41414,11200,0.97
1646500,41415,10200,1.01
1646500,41416,9280,1.01
1646500,41417,9250,1
1646500,41418,12600,0.99
1646500,41419,13300,0.99
1646500,41420,12600,0.99
1646500,41421,11100,0.97
1646500,41422,9590,0.96
1646500,41423,8650,0.95
1646500,41424,7630,0.82
1646500,41425,7020,0.77
1646500,41426,6440,0.73
1646500,41427,6040,0.7
1646500,41428,8740,0.68
1646500,41429,6970,0.68
1646500,41430,6330,0.71
1646500,41431,5390,0.71
1646500,41432,8350,0.73
1646500,41433,9130,0.75
1646500,41434,7760,0.84
1646500,41435,15800,0.88
1646500,41436,22400,0.92
1646500,41437,18100,0.96
1646500,41438,23900,1.05
1646500,41439,21700,1
1646500,41440,17500,1.09
1646500,41441,15500,1.02
1646500,41442,13800,0.96
1646500,41443,11400,0.99
1646500,41444,10700,0.97
1646500,41445,11400,1
1646500,41446,10900,1.1
1646500,41447,9310,1.11
1646500,41448,7870,1.11
1646500,41449,6630,1.11
1646500,41450,6180,1.06
1646500,41451,5630,1.02
1646500,41452,5300,0.98
1646500,41453,5590,0.94
1646500,41454,5600,0.93
1646500,41455,5800,0.84
1646500,41456,5890,0.84
1646500,41457,5190,0.83
1646500,41458,6240,0.8
1646500,41459,5510,0.78
1646500,41460,5020,0.78
1646500,41461,4510,0.79
1646500,41462,4310,0.74
1646500,41463,4290,0.65
1646500,41464,4690,0.68
1646500,41465,4860,0.68
1646500,41466,5160,0.68
1646500,41467,8650,0.72
1646500,41468,6440,0.76
1646500,41469,11600,0.8
1646500,41470,12100,0.91
1646500,41471,10500,0.91
1646500,41472,8160,0.91
1646500,41473,6540,0.91
1646500,41474,5350,0.91
1646500,41475,4600,0.91
1646500,41476,4500,0.91
1646500,41477,4220,0.91
1646500,41478,4580,0.91
1646500,41479,6010,0.91
1646500,41480,8690,0.93
1646500,41481,7710,1.01
1646500,41482,5750,0.98
1646500,41483,5530,0.95
1646500,41484,4530,0.92
1646500,41485,4110,0.89
1646500,41486,3710,0.86
1646500,41487,3670,0.81
1646500,41488,3370,0.87
1646500,41489,3260,0.9
1646500,41490,3210,0.9
1646500,41491,3000,0.91
1646500,41492,2770,0.86
1646500,41493,2860,0.8
1646500,41494,2900,0.81
1646500,41495,3450,0.79
1646500,41496,3130,0.79
1646500,41497,3500,0.81
1646500,41498,4110,0.78
1646500,41499,4640,0.78
1646500,41500,4180,0.72
1646500,41501,3690,0.66
1646500,41502,3610,0.63
1646500,41503,3840,0.6
1646500,41504,3580,0.57
1646500,41505,3090,0.54
1646500,41506,2820,0.53
1646500,41507,2580,0.51
1646500,41508,2540,0.49
1646500,41509,2720,0.54
1646500,41510,2920,0.64
1646500,41511,2800,0.68
1646500,41512,3120,0.67
1646500,41513,4200,0.63
1646500,41514,5020,0.66
1646500,41515,4350,0.74
1646500,41516,3440,0.75
1646500,41517,3010,0.7
1646500,41518,3180,0.64
1646500,41519,5130,0.57
1646500,41520,5000,0.62
1646500,41521,4270,0.63
1646500,41522,3550,0.67
1646500,41523,3020,0.65
1646500,41524,2870,0.59
1646500,41525,2740,0.54
1646500,41526,2500,0.52
1646500,41527,2320,0.52
1646500,41528,2190,0.53
1646500,41529,2540,0.53
1646500,41530,3020,0.6
1646500,41531,2650,0.63
1646500,41532,2210,0.62
1646500,41533,1880,0.53
1646500,41534,1860,0.49
1646500,41535,1860,0.46
1646500,41536,1810,0.43
1646500,41537,1770,0.38
1646500,41538,1830,0.36
1646500,41539,2400,0.42
1646500,41540,2030,0.47
1646500,41541,1990,0.45
1646500,41542,2000,0.44
1646500,41543,1980,0.43
1646500,41544,1980,0.47
1646500,41545,1890,0.49
1646500,41546,1840,0.52
1646500,41547,1710,0.55
1646500,41548,1620,0.53
1646500,41549,1580,0.49
1646500,41550,1590,0.48
1646500,41551,1800,0.48
1646500,41552,1980,0.48
1646500,41553,1650,0.51
1646500,41554,1730,0.49
1646500,41555,2750,0.52
1646500,41556,2210,0.55
1646500,41557,2950,0.53
1646500,41558,7400,0.54
1646500,41559,14700,0.82
1646500,41560,20100,1.1
1646500,41561,14900,1.38
1646500,41562,12200,1.55
1646500,41563,9670,1.69
1646500,41564,8360,1.58
1646500,41565,7130,1.53
1646500,41566,5990,1.45
1646500,41567,5170,1.41
1646500,41568,4590,1.38
1646500,41569,4310,1.35
1646500,41570,4040,1.33
1646500,41571,3690,1.31
1646500,41572,3390,1.28
1646500,41573,3220,1.25
1646500,41574,3060,1.22
1646500,41575,2820,1.19
1646500,41576,2810,1.16
1646500,41577,2800,1.13
1646500,41578,2690,1.1
1646500,41579,2720,0.99
1646500,41580,2800,0.98
1646500,41581,2840,0.96
1646500,41582,2710,0.94
1646500,41583,2680,0.91
1646500,41584,2620,0.86
1646500,41585,2560,0.83
1646500,41586,2520,0.81
1646500,41587,2520,0.8
1646500,41588,2500,0.82
1646500,41589,2370,0.81
1646500,41590,2400,0.82
1646500,41591,2320,0.83
1646500,41592,2240,0.85
1646500,41593,2240,0.89
1646500,41594,2310,0.87
1646500,41595,2240,0.86
1646500,41596,2280,0.87
1646500,41597,2350,0.85
1646500,41598,2320,0.87
1646500,41599,2280,0.93
1646500,41600,2200,0.94
1646500,41601,2250,0.93
1646500,41602,2150,0.9
1646500,41603,1950,0.87
1646500,41604,2190,0.85
1646500,41605,7430,0.92
1646500,41606,10200,0.99
1646500,41607,9950,1.49
1646500,41608,9740,1.5
1646500,41609,8890,1.29
1646500,41610,7240,1.38
1646500,41611,6080,1.3
1646500,41612,5350,1.26
1646500,41613,4870,1.25
1646500,41614,4810,1.21
1646500,41615,9470,1.04
1646500,41616,28000,1.46
1646500,41617,39200,1.19
1646500,41618,29000,1.14
1646500,41619,23100,1.41
1646500,41620,21400,1.53
1646500,41621,20000,1.51
1646500,41622,16600,1.53
1646500,41623,15600,1.45
1646500,41624,15300,1.55
1646500,41625,14000,1.64
1646500,41626,12600,1.62
1646500,41627,11600,1.61
1646500,41628,10800,1.62
1646500,41629,10600,1.6
1646500,41630,14000,1.59
1646500,41631,25100,1.47
1646500,41632,32100,1.37
1646500,41633,29700,1.37
1646500,41634,27400,1.36
1646500,41635,22400,1.37
1646500,41636,18500,1.44
1646500,41637,18900,1.4
1646500,41638,27500,1.34
1646500,41639,52300,1.4
1646500,41640,45700,1.18
1646500,41641,32100,1.33
1646500,41642,25400,1.44
1646500,41643,20800,1.5
1646500,41644,17000,1.53
1646500,41645,15900,1.57
1646500,41646,17200,1.69
1646500,41647,14200,1.8
1646500,41648,12800,1.75
1646500,41649,12400,1.74
1646500,41650,14900,1.57
1646500,41651,23200,1.62
1646500,41652,19100,1.75
1646500,41653,17200,1.77
1646500,41654,17000,1.76
1646500,41655,15900,1.8
1646500,41656,14200,1.83
1646500,41657,13200,1.8
1646500,41658,12000,1.79
1646500,41659,11000,1.79
1646500,41660,10400,1.78
1646500,41661,9840,1.78
1646500,41662,8360,1.82
1646500,41663,7270,1.85
1646500,41664,7250,1.88
1646500,41665,6170,1.89
1646500,41666,7030,1.99
1646500,41667,9550,2.07
1646500,41668,5900,2.13
1646500,41669,5980,2.08
1646500,41670,6250,2.12
1646500,41671,6800,2.13
1646500,41672,6870,2.11
1646500,41673,10700,1.78
1646500,41674,15500,1.63
1646500,41675,24100,1.69
1646500,41676,41700,1.58
1646500,41677,52000,1.38
1646500,41678,41800,1.39
1646500,41679,30500,1.39
1646500,41680,24500,1.52
1646500,41681,20600,1.58
1646500,41682,17500,1.6
1646500,41683,15500,1.6
1646500,41684,14000,1.63
1646500,41685,13400,1.67
1646500,41686,12800,1.77
1646500,41687,12200,1.79
1646500,41688,11700,1.79
1646500,41689,11600,1.71
1646500,41690,13600,1.6
1646500,41691,22400,1.61
1646500,41692,48000,1.51
1646500,41693,69500,1.36
1646500,41694,66500,1.34
1646500,41695,52800,1.43
1646500,41696,40500,1.49
1646500,41697,31400,1.53
1646500,41698,25500,1.61
1646500,41699,21000,1.67
1646500,41700,18000,1.71
1646500,41701,17500,1.73
1646500,41702,16500,1.79
1646500,41703,15700,1.82
1646500,41704,16500,1.82
1646500,41705,15900,1.81
1646500,41706,15800,1.81
1646500,41707,16200,1.77
1646500,41708,16500,1.73
1646500,41709,17400,1.68
1646500,41710,18900,1.63
1646500,41711,21400,1.56
1646500,41712,23400,1.49
1646500,41713,22800,1.38
1646500,41714,19800,1.36
1646500,41715,17900,1.41
1646500,41716,16600,1.42
1646500,41717,16000,1.39
1646500,41718,15800,1.37
1646500,41719,15400,1.37
1646500,41720,16500,1.36
1646500,41721,19400,1.32
1646500,41722,18400,1.23
1646500,41723,16900,1.21
1646500,41724,16000,1.21
1646500,41725,14600,1.21
1646500,41726,13700,1.21
1646500,41727,13700,1.2
1646500,41728,25700,1.3
1646500,41729,44000,1.4
1646500,41730,40900,1.49
1646500,41731,33600,1.5
1646500,41732,28500,1.46
1646500,41733,25400,1.45
1646500,41734,23000,1.42
1646500,41735,20400,1.39
1646500,41736,18800,1.36
1646500,41737,18100,1.34
1646500,41738,17600,1.38
1646500,41739,16700,1.37
1646500,41740,15600,1.33
1646500,41741,14400,1.31
1646500,41742,13500,1.28
1646500,41743,12800,1.27
1646500,41744,14000,1.2
1646500,41745,16300,1.16
1646500,41746,17800,1.3
1646500,41747,17400,1.26
1646500,41748,16000,1.21
1646500,41749,14500,1.19
1646500,41750,13500,1.17
1646500,41751,12800,1.15
1646500,41752,12400,1.12
1646500,41753,11700,1.1
1646500,41754,11000,1.09
1646500,41755,11600,1.09
1646500,41756,12500,1.06
1646500,41757,13100,1.09
1646500,41758,13300,1.06
1646500,41759,47400,1.07
1646500,41760,83900,1.08
1646500,41761,66900,1.09
1646500,41762,45000,1.11
1646500,41763,34300,1.15
1646500,41764,27700,1.17
1646500,41765,23800,1.2
1646500,41766,20200,1.22
1646500,41767,18600,1.24
1646500,41768,16900,1.25
1646500,41769,16200,1.24
1646500,41770,15500,1.21
1646500,41771,14100,1.22
1646500,41772,13800,1.21
1646500,41773,14500,1.19
1646500,41774,13800,1.16
1646500,41775,71100,1.13
1646500,41776,144000,1.1
1646500,41777,125000,1.07
1646500,41778,63000,1.04
1646500,41779,43200,1.16
1646500,41780,33200,1.25
1646500,41781,28100,1.33
1646500,41782,24600,1.4
1646500,41783,21500,1.43
1646500,41784,18000,1.49
1646500,41785,14900,1.48
1646500,41786,13300,1.45
1646500,41787,14800,1.42
1646500,41788,12900,1.54
1646500,41789,13300,1.52
1646500,41790,11900,1.55
1646500,41791,11500,1.44
1646500,41792,11200,1.37
1646500,41793,10700,1.32
1646500,41794,10000,1.28
1646500,41795,9200,1.26
1646500,41796,8890,1.24
1646500,41797,8290,1.27
1646500,41798,8200,1.29
1646500,41799,10600,1.2
1646500,41800,14000,1.17
1646500,41801,15800,1.2
1646500,41802,29100,1.23
1646500,41803,31200,1.25
1646500,41804,40200,1.32
1646500,41805,32400,1.39
1646500,41806,19400,1.42
1646500,41807,14600,1.49
1646500,41808,11900,1.57
1646500,41809,10400,1.62
1646500,41810,9490,1.61
1646500,41811,9130,1.63
1646500,41812,8540,1.65
1646500,41813,7620,1.53
1646500,41814,7310,1.43
1646500,41815,7580,1.48
1646500,41816,6860,1.37
1646500,41817,7080,1.35
1646500,41818,6930,1.41
1646500,41819,6170,1.47
1646500,41820,5590,1.31
1646500,41821,5550,1.27
1646500,41822,5440,1.3
1646500,41823,5790,1.32
1646500,41824,5790,1.34
1646500,41825,5320,1.36
1646500,41826,5140,1.39
1646500,41827,5300,1.3
1646500,41828,5700,1.26
1646500,41829,5430,1.23
1646500,41830,5020,1.19
1646500,41831,5430,1.2
1646500,41832,4410,1.26
1646500,41833,4100,1.15
1646500,41834,4590,1.06
1646500,41835,6420,1.06
1646500,41836,7320,1.08
1646500,41837,5600,1.1
1646500,41838,4590,1.12
1646500,41839,4150,1.14
1646500,41840,3840,1.16
1646500,41841,3500,1.18
1646500,41842,3360,1.2
1646500,41843,3150,1.22
1646500,41844,3430,1.27
1646500,41845,3520,1.24
1646500,41846,3310,1.21
1646500,41847,3280,1.13
1646500,41848,3110,1.13
1646500,41849,3210,1.13
1646500,41850,3880,1.13
1646500,41851,3420,1.17
1646500,41852,3250,1.22
1646500,41853,3270,1.15
1646500,41854,3380,1.14
1646500,41855,3530,1.13
1646500,41856,3530,1.1
1646500,41857,3570,1.11
1646500,41858,3250,1.14
1646500,41859,3030,1.18
1646500,41860,2900,1.12
1646500,41861,2670,1.11
1646500,41862,2450,1.06
1646500,41863,5940,0.95
1646500,41864,4350,0.81
1646500,41865,3620,1.03
1646500,41866,3950,1.13
1646500,41867,3430,1.2
1646500,41868,3380,1.19
1646500,41869,3030,1.1
1646500,41870,2840,1
1646500,41871,2540,0.97
1646500,41872,2730,0.95
1646500,41873,3370,0.98
1646500,41874,3210,1.03
1646500,41875,4000,1.05
1646500,41876,4260,1.08
1646500,41877,3630,1.08
1646500,41878,3080,1.1
1646500,41879,2770,1
1646500,41880,2610,0.98
1646500,41881,2430,0.95
1646500,41882,2570,0.91
1646500,41883,2690,0.88
1646500,41884,2750,0.86
1646500,41885,2990,0.84
1646500,41886,3180,0.88
1646500,41887,2940,0.91
1646500,41888,3100,0.87
1646500,41889,2620,0.82
1646500,41890,2300,0.86
1646500,41891,2430,0.86
1646500,41892,2200,0.87
1646500,41893,2140,0.88
1646500,41894,2510,0.87
1646500,41895,2280,0.87
1646500,41896,2160,0.88
1646500,41897,2030,0.85
1646500,41898,1950,0.87
1646500,41899,1900,0.85
1646500,41900,1790,0.87
1646500,41901,1790,0.89
1646500,41902,1750,0.85
1646500,41903,1700,0.8
1646500,41904,1600,0.75
1646500,41905,1580,0.75
1646500,41906,1570,0.75
1646500,41907,2150,0.76
1646500,41908,2070,0.82
1646500,41909,2020,0.81
1646500,41910,1970,0.82
1646500,41911,1780,0.79
1646500,41912,1710,0.84
1646500,41913,1850,0.91
1646500,41914,2040,0.93
1646500,41915,2490,0.93
1646500,41916,2460,0.94
1646500,41917,2880,1
1646500,41918,2430,1
1646500,41919,2150,0.94
1646500,41920,2220,0.92
1646500,41921,1960,0.97
1646500,41922,1880,0.95
1646500,41923,2130,0.9
1646500,41924,2190,0.92
1646500,41925,2210,0.9
1646500,41926,2320,0.88
1646500,41927,2800,0.92
1646500,41928,6190,0.92
1646500,41929,9530,1.06
1646500,41930,9680,1.2
1646500,41931,7610,1.16
1646500,41932,6060,1.02
1646500,41933,4920,0.97
1646500,41934,4860,0.87
1646500,41935,4130,0.88
1646500,41936,3550,0.97
1646500,41937,3380,0.98
1646500,41938,3130,0.96
1646500,41939,2900,0.97
1646500,41940,2780,0.95
1646500,41941,2710,0.91
1646500,41942,2700,0.86
1646500,41943,2620,0.85
1646500,41944,2530,0.84
1646500,41945,2290,0.88
1646500,41946,2340,0.93
1646500,41947,2250,0.91
1646500,41948,2260,0.91
1646500,41949,2490,0.9
1646500,41950,2700,0.89
1646500,41951,2650,0.87
1646500,41952,2650,0.82
1646500,41953,2490,0.84
1646500,41954,2520,0.86
1646500,41955,2410,0.88
1646500,41956,2450,0.85
1646500,41957,2420,0.83
1646500,41958,2360,0.8
1646500,41959,2270,0.82
1646500,41960,2530,0.84
1646500,41961,2770,0.88
1646500,41962,2610,0.91
1646500,41963,2650,0.95
1646500,41964,2570,1.01
1646500,41965,2430,1.04
1646500,41966,2400,1.07
1646500,41967,2660,1.08
1646500,41968,2910,1.06
1646500,41969,4390,0.94
1646500,41970,5920,0.99
1646500,41971,6250,1.15
1646500,41972,5810,1.26
1646500,41973,5340,1.36
1646500,41974,4860,1.36
1646500,41975,4940,1.27
1646500,41976,5400,1.13
1646500,41977,5900,1.25
1646500,41978,7290,1.28
1646500,41979,8310,1.37
1646500,41980,10000,1.16
1646500,41981,13700,1.18
1646500,41982,17400,1.13
1646500,41983,19700,1.2
1646500,41984,17800,1.34
1646500,41985,14400,1.32
1646500,41986,12000,1.43
1646500,41987,10400,1.48
1646500,41988,9050,1.49
1646500,41989,8450,1.47
1646500,41990,8170,1.46
1646500,41991,7560,1.48
1646500,41992,6640,1.5
1646500,41993,6030,1.48
1646500,41994,5700,1.45
1646500,41995,5500,1.42
1646500,41996,5560,1.4
1646500,41997,7600,1.17
1646500,41998,11800,1.27
1646500,41999,11300,1.48
1646500,42000,10500,1.45
1646500,42001,9730,1.41
1646500,42002,8880,1.48
1646500,42003,7950,1.45
1646500,42004,7220,1.42
1646500,42005,6660,1.38
1646500,42006,6230,1.37
1646500,42007,5910,1.39
1646500,42008,8290,1.26
1646500,42009,9800,1.3
1646500,42010,9290,1.43
1646500,42011,8960,1.49
1646500,42012,7420,1.43
1646500,42013,6800,1.45
1646500,42014,6200,1.46
1646500,42015,5700,1.52
1646500,42016,7030,1.5
1646500,42017,9330,1.41
1646500,42018,8810,1.43
1646500,42019,8010,1.53
1646500,42020,7340,1.54
1646500,42021,6780,1.49
1646500,42022,6340,1.55
1646500,42023,5980,1.54
1646500,42024,5710,1.5
1646500,42025,5600,1.49
1646500,42026,5390,1.48
1646500,42027,5310,1.45
1646500,42028,9180,1.39
1646500,42029,10500,1.31
1646500,42030,10400,1.41
1646500,42031,11500,1.43
1646500,42032,12300,1.46
1646500,42033,11300,1.42
1646500,42034,10200,1.39
1646500,42035,8830,1.36
1646500,42036,8020,1.34
1646500,42037,7750,1.32
1646500,42038,7820,1.3
1646500,42039,7370,1.3
1646500,42040,7060,1.3
1646500,42041,7300,1.3
1646500,42042,7290,1.3
1646500,42043,7200,1.3
1646500,42044,7000,1.3
1646500,42045,6790,1.3
1646500,42046,6610,1.3
1646500,42047,6790,1.3
1646500,42048,7570,1.3
1646500,42049,7850,1.3
1646500,42050,5780,1.3
1646500,42051,4870,1.3
1646500,42052,4270,1.3
1646500,42053,5060,1.3
1646500,42054,4920,1.3
1646500,42055,4380,1.3
1646500,42056,3950,1.3
1646500,42057,4490,1.3
1646500,42058,4510,1.3
1646500,42059,5420,1.3
1646500,42060,5120,1.3
1646500,42061,5810,1.3
1646500,42062,5750,1.3
1646500,42063,5410,1.3
1646500,42064,4930,1.3
1646500,42065,5140,1.3
1646500,42066,5160,1.3
1646500,42067,5170,1.3
1646500,42068,10300,1.41
1646500,42069,15900,1.45
1646500,42070,29000,1.41
1646500,42071,31500,1.05
1646500,42072,29400,1.17
1646500,42073,36600,1.23
1646500,42074,47400,1.13
1646500,42075,50000,1.13
1646500,42076,51400,1.2
1646500,42077,46000,1.18
1646500,42078,45000,1.26
1646500,42079,38300,1.28
1646500,42080,34500,1.31
1646500,42081,28800,1.31
1646500,42082,23900,1.33
1646500,42083,19900,1.32
1646500,42084,18400,1.35
1646500,42085,17700,1.39
1646500,42086,19600,1.43
1646500,42087,19900,1.36
1646500,42088,17800,1.28
1646500,42089,15900,1.27
1646500,42090,16900,1.2
1646500,42091,15700,1.26
1646500,42092,13600,1.3
1646500,42093,12600,1.28
1646500,42094,11900,1.26
1646500,42095,11000,1.24
1646500,42096,10300,1.22
1646500,42097,9570,1.21
1646500,42098,9100,1.18
1646500,42099,8640,1.14
1646500,42100,8260,1.09
1646500,42101,8140,1.04
1646500,42102,9690,1.01
1646500,42103,9640,1.01
1646500,42104,9460,1.04
1646500,42105,9890,1.06
1646500,42106,14700,1.04
1646500,42107,17100,0.91
1646500,42108,15100,0.77
1646500,42109,13600,0.84
1646500,42110,13400,0.87
1646500,42111,19400,0.87
1646500,42112,20600,0.79
1646500,42113,17700,0.79
1646500,42114,20600,0.76
1646500,42115,36300,0.85
1646500,42116,58800,0.83
1646500,42117,46200,0.9
1646500,42118,33600,0.92
1646500,42119,26300,0.94
1646500,42120,22300,0.97
1646500,42121,18500,0.99
1646500,42122,16900,1.01
1646500,42123,15600,1.03
1646500,42124,14000,1.03
1646500,42125,13100,1.02
1646500,42126,12400,1.01
1646500,42127,12900,1
1646500,42128,14200,0.99
1646500,42129,13600,0.98
1646500,42130,11900,0.97
1646500,42131,11300,0.96
1646500,42132,13600,0.95
1646500,42133,13600,0.94
1646500,42134,11400,0.93
1646500,42135,9660,0.92
1646500,42136,8510,0.85
1646500,42137,7640,0.78
1646500,42138,6930,0.65
1646500,42139,6170,0.55
1646500,42140,6300,0.53
1646500,42141,6980,0.58
1646500,42142,6220,0.56
1646500,42143,8020,0.55
1646500,42144,8490,0.58
1646500,42145,7730,0.91
1646500,42146,7560,1.04
1646500,42147,7220,1.05
1646500,42148,6320,0.63
1646500,42149,5630,0.63
1646500,42150,5060,0.63
1646500,42151,4810,0.63
1646500,42152,4630,0.63
1646500,42153,4470,0.63
1646500,42154,4100,0.63
1646500,42155,3870,0.63
1646500,42156,3880,0.63
1646500,42157,7180,0.63
1646500,42158,8890,0.63
1646500,42159,8190,0.63
1646500,42160,7910,0.63
1646500,42161,7290,1.22
1646500,42162,6200,1.11
1646500,42163,5910,0.95
1646500,42164,6460,0.79
1646500,42165,6180,0.77
1646500,42166,5830,0.84
1646500,42167,4820,0.81
1646500,42168,4240,0.67
1646500,42169,4160,0.63
1646500,42170,4070,0.62
1646500,42171,3810,0.6
1646500,42172,4330,0.62
1646500,42173,4700,0.67
1646500,42174,5160,0.71
1646500,42175,6810,0.68
1646500,42176,10800,0.81
1646500,42177,11500,0.95
1646500,42178,11200,1.06
1646500,42179,12600,0.95
1646500,42180,9580,1.04
1646500,42181,7960,0.97
1646500,42182,12400,0.96
1646500,42183,26300,0.95
1646500,42184,44200,1.13
1646500,42185,40600,1.12
1646500,42186,26200,1.05
1646500,42187,18800,1.19
1646500,42188,14000,1.3
1646500,42189,11700,1.35
1646500,42190,11000,1.38
1646500,42191,9110,1.32
1646500,42192,8570,1.27
1646500,42193,8540,1.22
1646500,42194,10700,1.16
1646500,42195,9150,1.05
1646500,42196,8720,1.02
1646500,42197,7610,0.92
1646500,42198,6920,0.88
1646500,42199,7090,0.87
1646500,42200,12100,0.87
1646500,42201,9540,0.91
1646500,42202,8200,0.9
1646500,42203,7200,0.86
1646500,42204,6520,0.88
1646500,42205,5960,0.76
1646500,42206,5260,0.76
1646500,42207,4730,0.73
1646500,42208,4190,0.72
1646500,42209,3810,0.7
1646500,42210,3490,0.66
1646500,42211,3270,0.69
1646500,42212,3130,0.65
1646500,42213,3120,0.59
1646500,42214,3070,0.53
1646500,42215,3420,0.53
1646500,42216,3490,0.6
1646500,42217,3090,0.6
1646500,42218,2850,0.52
1646500,42219,2700,0.43
1646500,42220,2680,0.37
1646500,42221,2630,0.39
1646500,42222,2310,0.42
1646500,42223,2140,0.49
1646500,42224,2030,0.56
1646500,42225,2140,0.58
1646500,42226,2110,0.59
1646500,42227,2070,0.62
1646500,42228,2020,0.66
1646500,42229,2070,0.63
1646500,42230,2040,0.57
1646500,42231,1980,0.6
1646500,42232,1930,0.59
1646500,42233,1790,0.56
1646500,42234,1680,0.54
1646500,42235,1660,0.51
1646500,42236,1800,0.53
1646500,42237,2650,0.59
1646500,42238,4120,0.67
1646500,42239,3290,0.66
1646500,42240,2490,0.79
1646500,42241,2510,0.69
1646500,42242,2270,0.61
1646500,42243,2110,0.59
1646500,42244,2060,0.51
1646500,42245,1680,0.45
1646500,42246,1420,0.38
1646500,42247,1280,0.31
1646500,42248,1250,0.3
1646500,42249,1200,0.28
1646500,42250,1260,0.26
1646500,42251,1330,0.27
1646500,42252,1320,0.3
1646500,42253,1390,0.32
1646500,42254,1420,0.35
1646500,42255,1310,0.37
1646500,42256,1260,0.34
1646500,42257,1210,0.31
1646500,42258,1360,0.29
1646500,42259,1580,0.31
1646500,42260,2140,0.39
1646500,42261,2180,0.49
1646500,42262,2100,0.61
1646500,42263,2040,0.67
1646500,42264,1840,0.62
1646500,42265,1630,0.59
1646500,42266,1510,0.52
1646500,42267,1390,0.47
1646500,42268,1260,0.42
1646500,42269,1370,0.39
1646500,42270,1350,0.37
1646500,42271,1360,0.39
1646500,42272,1830,0.39
1646500,42273,1510,0.39
1646500,42274,1320,0.45
1646500,42275,1280,0.47
1646500,42276,1700,0.55
1646500,42277,15800,0.63
1646500,42278,10600,0.71
1646500,42279,11300,0.79
1646500,42280,11400,0.83
1646500,42281,12000,0.87
1646500,42282,19300,0.91
1646500,42283,24000,0.95
1646500,42284,19200,1.17
1646500,42285,13900,1.11
1646500,42286,10400,1.17
1646500,42287,8160,1.17
1646500,42288,6580,1.26
1646500,42289,5610,1.29
1646500,42290,4910,1.28
1646500,42291,4520,1.27
1646500,42292,4100,1.26
1646500,42293,3750,1.24
1646500,42294,3410,1.21
1646500,42295,3160,1.18
1646500,42296,2890,1.16
1646500,42297,2810,1.1
1646500,42298,2680,1.08
1646500,42299,2590,1.04
1646500,42300,2490,0.98
1646500,42301,2480,0.93
1646500,42302,2400,0.87
1646500,42303,2330,0.84
1646500,42304,2270,0.81
1646500,42305,2480,0.79
1646500,42306,11100,0.76
1646500,42307,12900,0.95
1646500,42308,6930,1.17
1646500,42309,7850,1.15
1646500,42310,7180,1.12
1646500,42311,6580,1.06
1646500,42312,5620,1.14
1646500,42313,5020,1.09
1646500,42314,4470,1.05
1646500,42315,4120,0.85
1646500,42316,3790,0.8
1646500,42317,3540,0.76
1646500,42318,4220,0.65
1646500,42319,4510,0.67
1646500,42320,4440,0.68
1646500,42321,4800,0.72
1646500,42322,5440,0.74
1646500,42323,6330,0.77
1646500,42324,6120,0.74
1646500,42325,5500,0.71
1646500,42326,4940,0.72
1646500,42327,4790,0.71
1646500,42328,4940,0.68
1646500,42329,5460,0.7
1646500,42330,6070,0.73
1646500,42331,7220,0.75
1646500,42332,6650,0.65
1646500,42333,6020,0.64
1646500,42334,5450,0.71
1646500,42335,5000,0.78
1646500,42336,4670,0.84
1646500,42337,4510,0.8
1646500,42338,4420,0.78
1646500,42339,5160,0.72
1646500,42340,7180,0.77
1646500,42341,9640,0.92
1646500,42342,12400,1.13
1646500,42343,18200,1.08
1646500,42344,15900,1.03
1646500,42345,12900,1.02
1646500,42346,10700,1.11
1646500,42347,9180,1.18
1646500,42348,8150,1.2
1646500,42349,7470,1.21
1646500,42350,7020,1.21
1646500,42351,6300,1.21
1646500,42352,5890,1.19
1646500,42353,5690,1.18
1646500,42354,5260,1.16
1646500,42355,5180,1.15
1646500,42356,5760,1.09
1646500,42357,5530,1.11
1646500,42358,5350,1.12
1646500,42359,5400,1.15
1646500,42360,5410,1.16
1646500,42361,5720,1.09
1646500,42362,9800,1.07
1646500,42363,11900,1.21
1646500,42364,18300,1.06
1646500,42365,14400,1.12
1646500,42366,18100,1.28
1646500,42367,24700,1.17
1646500,42368,29300,1.13
1646500,42369,30000,1.15
1646500,42370,26100,1.27
1646500,42371,21400,1.3
1646500,42372,17500,1.32
1646500,42373,14900,1.35
1646500,42374,12800,1.39
1646500,42375,11200,1.39
1646500,42376,9880,1.41
1646500,42377,8810,1.42
1646500,42378,8130,1.45
1646500,42379,13600,1.27
1646500,42380,24000,1.36
1646500,42381,22500,1.39
1646500,42382,20300,1.59
1646500,42383,17000,1.6
1646500,42384,14600,1.64
1646500,42385,14400,1.63
1646500,42386,14100,1.63
1646500,42387,13000,1.65
1646500,42388,12700,1.59
1646500,42389,12200,1.59
1646500,42390,9090,1.56
1646500,42391,8510,1.6
1646500,42392,6060,1.65
1646500,42393,4220,1.68
1646500,42394,3750,1.66
1646500,42395,6050,1.64
1646500,42396,10400,1.68
1646500,42397,12400,1.83
1646500,42398,11100,1.71
1646500,42399,10800,1.72
1646500,42400,11500,1.73
1646500,42401,14300,1.5
1646500,42402,18100,1.39
1646500,42403,45200,1.28
1646500,42404,91900,1.07
1646500,42405,109000,1.19
1646500,42406,71700,1.36
1646500,42407,49800,1.49
1646500,42408,37700,1.56
1646500,42409,31500,1.62
1646500,42410,27600,1.65
1646500,42411,23800,1.7
1646500,42412,20000,1.74
1646500,42413,16900,1.78
1646500,42414,14200,1.84
1646500,42415,12300,1.89
1646500,42416,15100,1.77
1646500,42417,32200,1.64
1646500,42418,45900,1.71
1646500,42419,46500,1.63
1646500,42420,33700,1.47
1646500,42421,28200,1.49
1646500,42422,30100,1.61
1646500,42423,34200,1.61
1646500,42424,36900,1.47
1646500,42425,58700,1.43
1646500,42426,63500,1.45
1646500,42427,51200,1.56
1646500,42428,40100,1.55
1646500,42429,31900,1.56
1646500,42430,27000,1.61
1646500,42431,23500,1.66
1646500,42432,20400,1.71
1646500,42433,18400,1.74
1646500,42434,16800,1.77
1646500,42435,15300,1.8
1646500,42436,14000,1.82
1646500,42437,13100,1.84
1646500,42438,12200,1.86
1646500,42439,11300,1.86
1646500,42440,10700,1.84
1646500,42441,10100,1.84
1646500,42442,9640,1.83
1646500,42443,10900,1.75
1646500,42444,12100,1.75
1646500,42445,15700,1.78
1646500,42446,16700,1.6
1646500,42447,15300,1.4
1646500,42448,14100,1.28
1646500,42449,13300,1.32
1646500,42450,12500,1.36
1646500,42451,11900,1.38
1646500,42452,11500,1.39
1646500,42453,10900,1.34
1646500,42454,10300,1.29
1646500,42455,9830,1.27
1646500,42456,9380,1.26
1646500,42457,9340,1.24
1646500,42458,9370,1.22
1646500,42459,9320,1.2
1646500,42460,8890,1.18
1646500,42461,8470,1.14
1646500,42462,8230,1.12
1646500,42463,8070,1.14
1646500,42464,7680,1.11
1646500,42465,7480,1.08
1646500,42466,7310,1.07
1646500,42467,8230,1
1646500,42468,8980,1.02
1646500,42469,8750,1.06
1646500,42470,7640,1.14
1646500,42471,7220,1.1
1646500,42472,7210,1.07
1646500,42473,7210,1.08
1646500,42474,6860,1.08
1646500,42475,6720,1.06
1646500,42476,6990,1.03
1646500,42477,6570,1.01
1646500,42478,6230,1.01
1646500,42479,5840,1.01
1646500,42480,5580,1
1646500,42481,5320,1
1646500,42482,5190,1
1646500,42483,5080,1.01
1646500,42484,5210,1.03
1646500,42485,5650,1.03
1646500,42486,5750,1.03
1646500,42487,5790,1.03
1646500,42488,5690,1.01
1646500,42489,5520,1.04
1646500,42490,5360,1.06
1646500,42491,5880,1.05
1646500,42492,8790,1.07
1646500,42493,16500,1.09
1646500,42494,21700,1.01
1646500,42495,25700,0.94
1646500,42496,26500,0.89
1646500,42497,34600,0.86
1646500,42498,38000,0.92
1646500,42499,32900,0.84
1646500,42500,26300,0.81
1646500,42501,21900,0.82
1646500,42502,19400,0.86
1646500,42503,17700,0.89
1646500,42504,16600,0.9
1646500,42505,17300,0.9
1646500,42506,16400,0.89
1646500,42507,14800,0.89
1646500,42508,13500,0.9
1646500,42509,12000,0.89
1646500,42510,11000,0.9
1646500,42511,10900,0.9
1646500,42512,11900,0.88
1646500,42513,17000,0.87
1646500,42514,30700,0.84
1646500,42515,31900,0.74
1646500,42516,25900,0.79
1646500,42517,20300,0.84
1646500,42518,16200,0.85
1646500,42519,14800,0.83
1646500,42520,13300,0.81
1646500,42521,12100,0.79
1646500,42522,11100,0.79
1646500,42523,10500,0.74
1646500,42524,10100,0.75
1646500,42525,10900,0.76
1646500,42526,21800,0.83
1646500,42527,19600,0.69
1646500,42528,23000,0.85
1646500,42529,18200,1.02
1646500,42530,13800,1.09
1646500,42531,11000,1.17
1646500,42532,9050,1.25
1646500,42533,7720,1.23
1646500,42534,6600,1.18
1646500,42535,5910,1.1
1646500,42536,5330,1.02
1646500,42537,5180,0.97
1646500,42538,7770,0.94
1646500,42539,6810,0.85
1646500,42540,8270,0.81
1646500,42541,9770,0.79
1646500,42542,8000,0.74
1646500,42543,10500,0.75
1646500,42544,8920,0.86
1646500,42545,7810,1.05
1646500,42546,7670,1.04
1646500,42547,11000,1.13
1646500,42548,13300,1.24
1646500,42549,11400,1.27
1646500,42550,8890,1.16
1646500,42551,7730,1.2
1646500,42552,7900,1.26
1646500,42553,6980,1.32
1646500,42554,5750,1.28
1646500,42555,5020,1.27
1646500,42556,5850,1.19
1646500,42557,5360,1.17
1646500,42558,5050,1.09
1646500,42559,4970,1.06
1646500,42560,5350,1.01
1646500,42561,4690,0.91
1646500,42562,4270,0.87
1646500,42563,4010,0.86
1646500,42564,3590,0.84
1646500,42565,3280,0.81
1646500,42566,3130,0.76
1646500,42567,2940,0.73
1646500,42568,3380,0.71
1646500,42569,3180,0.71
1646500,42570,3240,0.7
1646500,42571,3210,0.69
1646500,42572,3420,0.62
1646500,42573,3040,0.66
1646500,42574,2650,0.66
1646500,42575,2460,0.66
1646500,42576,2300,0.66
1646500,42577,2210,0.66
1646500,42578,2010,0.66
1646500,42579,2510,0.66
1646500,42580,4350,0.66
1646500,42581,3960,0.66
1646500,42582,9340,0.66
1646500,42583,9200,0.66
1646500,42584,6740,0.66
1646500,42585,5200,0.66
1646500,42586,4670,0.66
1646500,42587,4290,0.66
1646500,42588,3800,0.66
1646500,42589,3380,0.66
1646500,42590,3100,0.66
1646500,42591,2930,0.58
1646500,42592,3150,0.56
1646500,42593,2860,0.55
1646500,42594,2610,0.51
1646500,42595,2440,0.47
1646500,42596,2270,0.45
1646500,42597,2290,0.44
1646500,42598,3190,0.44
1646500,42599,3220,0.45
1646500,42600,5310,0.42
1646500,42601,5110,0.48
1646500,42602,3850,0.5
1646500,42603,3520,0.55
1646500,42604,3240,0.5
1646500,42605,2710,0.45
1646500,42606,2440,0.39
1646500,42607,2590,0.34
1646500,42608,2550,0.33
1646500,42609,2130,0.32
1646500,42610,1940,0.29
1646500,42611,1730,0.28
1646500,42612,1630,0.27
1646500,42613,1540,0.25
1646500,42614,1620,0.24
1646500,42615,2330,0.26
1646500,42616,1930,0.3
1646500,42617,1660,0.29
1646500,42618,1510,0.28
1646500,42619,1410,0.27
1646500,42620,1510,0.26
1646500,42621,1840,0.24
1646500,42622,1480,0.23
1646500,42623,1460,0.21
1646500,42624,1390,0.21
1646500,42625,1380,0.21
1646500,42626,1470,0.2
1646500,42627,1550,0.18
1646500,42628,1370,0.16
1646500,42629,1230,0.15
1646500,42630,1210,0.14
1646500,42631,1170,0.14
1646500,42632,1120,0.15
1646500,42633,1200,0.19
1646500,42634,1280,0.23
1646500,42635,1390,0.27
1646500,42636,1750,0.31
1646500,42637,1750,0.35
1646500,42638,1510,0.39
1646500,42639,1300,0.43
1646500,42640,1310,0.47
1646500,42641,1380,0.51
1646500,42642,3490,0.55
1646500,42643,4570,0.59
1646500,42644,8170,0.67
1646500,42645,11700,0.96
1646500,42646,10000,0.95
1646500,42647,8320,0.97
1646500,42648,7170,0.99
1646500,42649,5550,1.02
1646500,42650,4420,1
1646500,42651,3740,0.94
1646500,42652,3240,0.95
1646500,42653,2950,0.98
1646500,42654,3130,0.98
1646500,42655,3890,0.97
1646500,42656,5240,0.95
1646500,42657,4780,0.95
1646500,42658,4080,0.95
1646500,42659,3540,0.92
1646500,42660,3170,0.79
1646500,42661,2960,0.65
1646500,42662,2830,0.54
1646500,42663,2630,0.48
1646500,42664,2540,0.5
1646500,42665,2500,0.54
1646500,42666,2240,0.53
1646500,42667,2060,0.49
1646500,42668,2010,0.48
1646500,42669,2090,0.49
1646500,42670,1990,0.52
1646500,42671,1940,0.52
1646500,42672,1890,0.52
1646500,42673,1900,0.53
1646500,42674,1830,0.53
1646500,42675,1920,0.52
1646500,42676,2020,0.52
1646500,42677,1950,0.54
1646500,42678,2020,0.52
1646500,42679,1990,0.53
1646500,42680,1900,0.52
1646500,42681,1820,0.5
1646500,42682,1830,0.5
1646500,42683,1910,0.51
1646500,42684,1890,0.54
1646500,42685,1870,0.56
1646500,42686,1890,0.56
1646500,42687,1840,0.57
1646500,42688,1730,0.58
1646500,42689,1790,0.58
1646500,42690,1810,0.6
1646500,42691,1800,0.61
1646500,42692,1810,0.64
1646500,42693,1790,0.66
1646500,42694,1740,0.65
1646500,42695,1610,0.65
1646500,42696,1590,0.66
1646500,42697,1600,0.67
1646500,42698,1580,0.72
1646500,42699,1620,0.74
1646500,42700,1610,0.74
1646500,42701,1540,0.74
1646500,42702,1480,0.76
1646500,42703,1620,0.76
1646500,42704,1900,0.78
1646500,42705,3480,0.81
1646500,42706,3550,0.86
1646500,42707,3180,0.84
1646500,42708,3350,0.91
1646500,42709,3580,1.02
1646500,42710,4160,0.99
1646500,42711,5220,0.86
1646500,42712,4660,0.92
1646500,42713,5000,0.91
1646500,42714,6040,1.05
1646500,42715,5930,1.12
1646500,42716,5100,0.94
1646500,42717,4440,0.96
1646500,42718,4030,0.93
1646500,42719,3720,0.93
1646500,42720,3420,0.99
1646500,42721,3130,1.08
1646500,42722,2990,1.17
1646500,42723,3210,1.25
1646500,42724,3550,1.24
1646500,42725,4280,1.28
1646500,42726,6090,1.35
1646500,42727,5930,1.36
1646500,42728,5690,1.29
1646500,42729,5110,1.16
1646500,42730,4720,1.11
1646500,42731,4450,1.15
1646500,42732,4290,1.24
1646500,42733,4370,1.23
1646500,42734,4200,1.22
1646500,42735,3990,1.22
1646500,42736,3880,1.2
1646500,42737,3920,1.16
1646500,42738,5140,1
1646500,42739,7730,1.02
1646500,42740,11600,1.11
1646500,42741,16800,1.25
1646500,42742,16500,1.14
1646500,42743,13500,1.25
1646500,42744,10500,1.33
1646500,42745,8300,1.39
1646500,42746,7780,1.37
1646500,42747,7620,1.36
1646500,42748,6870,1.34
1646500,42749,7440,1.35
1646500,42750,9030,1.42
1646500,42751,8980,1.43
1646500,42752,8810,1.4
1646500,42753,10000,1.33
1646500,42754,10100,1.28
1646500,42755,10800,1.24
1646500,42756,10700,1.22
1646500,42757,9920,1.23
1646500,42758,9910,1.21
1646500,42759,16600,1.19
1646500,42760,47400,1.3
1646500,42761,49100,1.24
1646500,42762,35000,1.43
1646500,42763,26600,1.56
1646500,42764,21700,1.56
1646500,42765,17700,1.54
1646500,42766,14900,1.54
1646500,42767,12900,1.53
1646500,42768,11200,1.53
1646500,42769,9740,1.53
1646500,42770,8600,1.53
1646500,42771,7690,1.53
1646500,42772,7000,1.54
1646500,42773,6370,1.56
1646500,42774,6080,1.54
1646500,42775,6090,1.53
1646500,42776,6450,1.52
1646500,42777,7670,1.54
1646500,42778,8320,1.53
1646500,42779,7970,1.45
1646500,42780,8790,1.37
1646500,42781,14000,1.33
1646500,42782,13700,1.25
1646500,42783,12000,1.16
1646500,42784,10400,1.21
1646500,42785,9250,1.22
1646500,42786,8120,1.2
1646500,42787,7100,1.19
1646500,42788,6590,1.16
1646500,42789,6140,1.12
1646500,42790,5650,1.09
1646500,42791,5260,1.05
1646500,42792,5110,1.02
1646500,42793,5080,1
1646500,42794,4830,0.98
1646500,42795,4950,0.99
1646500,42796,4770,0.98
1646500,42797,4960,0.98
1646500,42798,9680,1.01
1646500,42799,9020,0.99
1646500,42800,7640,0.89
1646500,42801,6590,0.85
1646500,42802,6170,0.95
1646500,42803,5730,1.04
1646500,42804,5820,1.05
1646500,42805,6240,1.06
1646500,42806,6050,1.06
1646500,42807,6230,1.06
1646500,42808,6500,1.02
1646500,42809,6260,0.99
1646500,42810,5810,0.98
1646500,42811,5800,0.99
1646500,42812,5850,0.99
1646500,42813,7510,0.99
1646500,42814,13400,1.07
1646500,42815,19600,1.22
1646500,42816,16700,1.16
1646500,42817,14300,1.16
1646500,42818,12600,1.16
1646500,42819,11800,1.13
1646500,42820,10800,1.14
1646500,42821,9930,1.13
1646500,42822,9490,1.11
1646500,42823,10300,1.07
1646500,42824,12300,1.06
1646500,42825,16500,0.99
1646500,42826,21100,0.93
1646500,42827,23300,1.06
1646500,42828,24200,0.99
1646500,42829,22600,0.96
1646500,42830,19900,0.97
1646500,42831,20300,0.93
1646500,42832,27000,0.99
1646500,42833,26500,1.09
1646500,42834,23000,1.1
1646500,42835,20000,1.11
1646500,42836,17200,1.09
1646500,42837,15000,1.06
1646500,42838,13100,1.04
1646500,42839,11500,0.99
1646500,42840,10100,0.94
1646500,42841,8950,0.89
1646500,42842,8200,0.85
1646500,42843,7840,0.84
1646500,42844,7540,0.82
1646500,42845,7520,0.83
1646500,42846,7380,0.85
1646500,42847,8670,0.87
1646500,42848,8590,0.89
1646500,42849,8260,0.92
1646500,42850,8450,0.93
1646500,42851,8890,0.93
1646500,42852,13200,0.93
1646500,42853,20600,0.9
1646500,42854,19100,0.9
1646500,42855,15700,0.84
1646500,42856,13600,0.81
1646500,42857,13300,0.84
1646500,42858,13300,0.85
1646500,42859,12000,0.82
1646500,42860,15200,0.8
1646500,42861,39200,0.86
1646500,42862,75700,0.87
1646500,42863,53700,1
1646500,42864,35700,1.08
1646500,42865,26300,1.1
1646500,42866,22300,1.09
1646500,42867,24000,1.08
1646500,42868,35400,1.08
1646500,42869,42000,0.98
1646500,42870,45000,0.93
1646500,42871,35000,0.95
1646500,42872,26700,1.01
1646500,42873,21400,1.07
1646500,42874,18400,1.1
1646500,42875,15200,1.09
1646500,42876,12300,1.06
1646500,42877,11000,1.07
1646500,42878,9960,1.08
1646500,42879,9300,1.08
1646500,42880,11100,1.04
1646500,42881,18900,1.02
1646500,42882,36700,1.08
1646500,42883,37700,1.11
1646500,42884,26900,0.96
1646500,42885,23300,1.03
1646500,42886,26200,1.09
1646500,42887,24300,1.08
1646500,42888,19300,1.11
1646500,42889,15400,1.24
1646500,42890,12600,1.26
1646500,42891,10700,1.25
1646500,42892,9580,1.2
1646500,42893,8520,1.18
1646500,42894,7790,1.18
1646500,42895,7360,1.14
1646500,42896,6780,1.09
1646500,42897,6370,1.03
1646500,42898,5790,0.95
1646500,42899,5360,0.84
1646500,42900,4960,0.77
1646500,42901,4630,0.73
1646500,42902,4320,0.71
1646500,42903,4060,0.72
1646500,42904,4100,0.75
1646500,42905,6400,0.78
1646500,42906,9550,0.9
1646500,42907,7040,0.98
1646500,42908,6070,0.98
1646500,42909,5540,0.84
1646500,42910,5260,0.86
1646500,42911,5130,0.93
1646500,42912,7080,1.07
1646500,42913,7900,1.04
1646500,42914,5980,1.01
1646500,42915,4950,1.03
1646500,42916,4190,1.05
1646500,42917,3870,1.07
1646500,42918,3910,1.09
1646500,42919,3690,1.11
1646500,42920,3360,1.13
1646500,42921,3210,1.15
1646500,42922,4940,1.17
1646500,42923,9420,1.19
1646500,42924,7870,1.21
1646500,42925,8680,1.23
1646500,42926,7130,1.25
1646500,42927,5620,1.22
1646500,42928,4640,1.41
1646500,42929,4140,1.44
1646500,42930,4070,1.3
1646500,42931,4580,1.2
1646500,42932,3790,1.2
1646500,42933,3280,1.1
1646500,42934,3460,1.03
1646500,42935,3270,0.99
1646500,42936,2890,0.96
1646500,42937,2720,0.87
1646500,42938,3040,0.76
1646500,42939,3450,0.72
1646500,42940,5140,0.72
1646500,42941,4080,0.75
1646500,42942,4240,0.7
1646500,42943,3730,0.78
1646500,42944,4790,0.81
1646500,42945,16600,0.67
1646500,42946,18000,0.85
1646500,42947,16800,1.31
1646500,42948,19900,1.26
1646500,42949,13700,1.16
1646500,42950,10300,0.93
1646500,42951,8660,1.02
1646500,42952,7340,1.09
1646500,42953,7810,1.09
1646500,42954,11500,1.1
1646500,42955,8140,1.17
1646500,42956,6700,1.33
1646500,42957,6640,1.26
1646500,42958,6620,1.3
1646500,42959,8160,1.27
1646500,42960,9150,0.94
1646500,42961,7070,0.96
1646500,42962,6170,0.96
1646500,42963,5540,1
1646500,42964,4740,1.03
1646500,42965,4310,1.01
1646500,42966,5090,1
1646500,42967,4210,0.92
1646500,42968,3740,0.75
1646500,42969,3420,0.73
1646500,42970,3220,0.69
1646500,42971,2970,0.63
1646500,42972,2950,0.61
1646500,42973,2800,0.57
1646500,42974,2680,0.53
1646500,42975,2570,0.49
1646500,42976,2630,0.47
1646500,42977,2800,0.56
1646500,42978,2790,0.61
1646500,42979,2690,0.61
1646500,42980,2860,0.61
1646500,42981,2820,0.7
1646500,42982,2600,0.73
1646500,42983,2430,0.73
1646500,42984,3920,0.71
1646500,42985,5150,0.76
1646500,42986,4700,0.76
1646500,42987,4240,0.84
1646500,42988,3570,0.92
1646500,42989,3060,0.93
1646500,42990,2800,0.89
1646500,42991,2540,0.84
1646500,42992,2490,0.83
1646500,42993,2380,0.82
1646500,42994,2270,0.8
1646500,42995,2190,0.78
1646500,42996,1940,0.79
1646500,42997,1960,0.76
1646500,42998,1950,0.72
1646500,42999,2000,0.69
1646500,43000,2090,0.66
1646500,43001,1890,0.67
1646500,43002,1760,0.66
1646500,43003,1580,0.64
1646500,43004,1500,0.63
1646500,43005,1570,0.6
1646500,43006,1450,0.59
1646500,43007,1320,0.57
1646500,43008,1350,0.57
1646500,43009,1350,0.54
1646500,43010,1280,0.53
1646500,43011,1250,0.51
1646500,43012,1300,0.49
1646500,43013,1270,0.48
1646500,43014,1420,0.48
1646500,43015,1340,0.48
1646500,43016,1330,0.48
1646500,43017,1630,0.48
1646500,43018,1810,0.52
1646500,43019,2230,0.56
1646500,43020,3040,0.6
1646500,43021,3150,0.69
1646500,43022,3710,0.8
1646500,43023,3810,0.88
1646500,43024,3410,0.92
1646500,43025,3010,0.86
1646500,43026,2710,0.85
1646500,43027,2400,0.84
1646500,43028,2050,0.8
1646500,43029,1970,0.71
1646500,43030,1890,0.67
1646500,43031,1690,0.64
1646500,43032,1920,0.56
1646500,43033,2330,0.51
1646500,43034,2260,0.51
1646500,43035,2370,0.5
1646500,43036,2440,0.52
1646500,43037,2440,0.56
1646500,43038,4160,0.59
1646500,43039,16700,0.72
1646500,43040,22300,0.97
1646500,43041,13800,1.29
1646500,43042,9590,1.23
1646500,43043,7370,1.25
1646500,43044,6680,1.21
1646500,43045,5940,1.32
1646500,43046,6090,1.33
1646500,43047,7750,1.34
1646500,43048,7020,1.36
1646500,43049,9230,1.39
1646500,43050,10000,1.46
1646500,43051,8580,1.33
1646500,43052,7580,1.05
1646500,43053,6580,0.99
1646500,43054,5520,1.02
1646500,43055,5070,1.04
1646500,43056,5060,1.07
1646500,43057,4640,1.11
1646500,43058,4180,1.14
1646500,43059,4470,1.13
1646500,43060,5850,1.17
1646500,43061,5550,1.18
1646500,43062,5020,1.19
1646500,43063,4630,1.2
1646500,43064,4340,1.21
1646500,43065,4120,1.22
1646500,43066,3900,1.23
1646500,43067,3750,1.24
1646500,43068,3600,1.22
1646500,43069,3410,1.23
1646500,43070,3300,1.2
1646500,43071,3220,1.19
1646500,43072,3120,1.17
1646500,43073,2980,1.17
1646500,43074,2980,1.15
1646500,43075,3000,1.15
1646500,43076,2890,1.15
1646500,43077,2970,1.14
1646500,43078,3050,1.14
1646500,43079,2920,1.16
1646500,43080,2630,1.18
1646500,43081,2630,1.18
1646500,43082,2600,1.18
1646500,43083,2430,1.18
1646500,43084,2430,1.18
1646500,43085,2390,1.22
1646500,43086,2290,1.28
1646500,43087,2300,1.28
1646500,43088,2310,1.26
1646500,43089,2290,1.27
1646500,43090,2240,1.26
1646500,43091,2210,1.25
1646500,43092,2270,1.25
1646500,43093,2480,1.24
1646500,43094,2570,1.27
1646500,43095,2680,1.28
1646500,43096,2800,1.3
1646500,43097,2590,1.34
1646500,43098,2680,1.37
1646500,43099,2440,1.42
1646500,43100,1760,1.43
1646500,43101,1620,1.42
1646500,43102,1600,1.41
1646500,43103,1680,1.44
1646500,43104,1870,1.44
1646500,43105,1230,1.5
1646500,43106,1320,1.54
1646500,43107,1760,1.59
1646500,43108,1920,1.61
1646500,43109,2090,1.6
1646500,43110,1970,1.58
1646500,43111,2040,1.58
1646500,43112,2400,1.6
1646500,43113,5800,1.49
1646500,43114,10900,1.49
1646500,43115,9960,1.84
1646500,43116,11500,1.76
1646500,43117,10700,1.64
1646500,43118,9990,1.54
1646500,43119,7610,1.52
1646500,43120,7060,1.7
1646500,43121,6740,1.79
1646500,43122,5980,1.83
1646500,43123,5770,1.72
1646500,43124,10100,1.68
1646500,43125,12600,1.87
1646500,43126,10600,1.72
1646500,43127,8690,1.69
1646500,43128,7640,1.73
1646500,43129,7120,1.72
1646500,43130,6750,1.68
1646500,43131,6410,1.69
1646500,43132,6040,1.67
1646500,43133,5770,1.59
1646500,43134,5610,1.55
1646500,43135,5880,1.5
1646500,43136,7590,1.28
1646500,43137,7450,1.36
1646500,43138,7650,1.47
1646500,43139,10600,1.5
1646500,43140,13200,1.63
1646500,43141,15900,1.6
1646500,43142,19800,1.33
1646500,43143,24300,1.48
1646500,43144,30300,1.7
1646500,43145,29600,1.69
1646500,43146,25200,1.68
1646500,43147,21100,1.71
1646500,43148,23600,1.77
1646500,43149,31600,1.74
1646500,43150,30600,1.6
1646500,43151,27200,1.64
1646500,43152,23700,1.6
1646500,43153,21000,1.55
1646500,43154,19100,1.53
1646500,43155,18900,1.53
1646500,43156,19800,1.54
1646500,43157,28600,1.53
1646500,43158,39500,1.43
1646500,43159,34100,1.37
1646500,43160,27200,1.43
1646500,43161,22900,1.5
1646500,43162,23700,1.59
1646500,43163,21300,1.57
1646500,43164,18400,1.58
1646500,43165,15600,1.57
1646500,43166,14000,1.59
1646500,43167,12900,1.65
1646500,43168,12000,1.67
1646500,43169,11100,1.67
1646500,43170,10100,1.66
1646500,43171,9000,1.64
1646500,43172,8260,1.62
1646500,43173,7760,1.62
1646500,43174,7240,1.63
1646500,43175,6800,1.63
1646500,43176,6540,1.62
1646500,43177,6180,1.61
1646500,43178,5770,1.58
1646500,43179,5910,1.52
1646500,43180,6540,1.44
1646500,43181,6670,1.47
1646500,43182,6990,1.45
1646500,43183,7370,1.43
1646500,43184,8760,1.41
1646500,43185,10200,1.37
1646500,43186,11400,1.3
1646500,43187,12400,1.22
1646500,43188,13000,1.17
1646500,43189,16000,1.17
1646500,43190,22600,1.2
1646500,43191,23200,1.04
1646500,43192,19700,1.05
1646500,43193,18000,1.11
1646500,43194,22100,1.15
1646500,43195,33300,1.13
1646500,43196,30700,1.08
1646500,43197,24400,1.17
1646500,43198,19400,1.23
1646500,43199,16000,1.23
1646500,43200,14100,1.24
1646500,43201,12500,1.25
1646500,43202,11300,1.23
1646500,43203,10100,1.22
1646500,43204,9240,1.19
1646500,43205,8510,1.16
1646500,43206,17800,0.95
1646500,43207,40100,1.21
1646500,43208,73200,1.16
1646500,43209,52300,1.2
1646500,43210,35700,1.32
1646500,43211,27500,1.37
1646500,43212,22300,1.41
1646500,43213,18000,1.42
1646500,43214,15800,1.44
1646500,43215,15900,1.39
1646500,43216,16900,1.36
1646500,43217,21700,1.29
1646500,43218,25000,1.25
1646500,43219,22200,1.17
1646500,43220,19600,1.18
1646500,43221,16600,1.11
1646500,43222,14300,1.02
1646500,43223,12900,0.98
1646500,43224,11800,0.96
1646500,43225,10700,0.93
1646500,43226,10000,0.93
1646500,43227,10900,0.95
1646500,43228,21100,1.06
1646500,43229,23800,0.9
1646500,43230,19000,0.81
1646500,43231,15800,0.86
1646500,43232,13100,0.9
1646500,43233,11900,0.91
1646500,43234,12000,0.92
1646500,43235,24000,0.9
1646500,43236,50000,0.97
1646500,43237,56900,1.01
1646500,43238,71600,1.07
1646500,43239,101000,0.88
1646500,43240,109000,0.94
1646500,43241,88600,0.97
1646500,43242,59800,1.04
1646500,43243,47300,1.14
1646500,43244,45500,1.19
1646500,43245,33900,1.17
1646500,43246,26400,1.24
1646500,43247,22000,1.32
1646500,43248,21100,1.37
1646500,43249,21100,1.47
1646500,43250,23900,1.37
1646500,43251,19800,1.27
1646500,43252,22500,1.31
1646500,43253,32000,1.46
1646500,43254,59300,1.22
1646500,43255,126000,0.89
1646500,43256,148000,0.56
1646500,43257,67700,0.6
1646500,43258,44100,0.64
1646500,43259,32500,0.68
1646500,43260,25500,0.72
1646500,43261,21400,0.76
1646500,43262,22300,0.8
1646500,43263,36900,0.84
1646500,43264,43200,0.88
1646500,43265,35700,0.92
1646500,43266,27200,0.96
1646500,43267,22300,1
1646500,43268,17900,1.04
1646500,43269,14800,1.08
1646500,43270,13300,1.12
1646500,43271,12400,1.16
1646500,43272,12500,1.26
1646500,43273,18800,1.33
1646500,43274,37700,1.26
1646500,43275,74800,1.04
1646500,43276,58200,0.99
1646500,43277,38900,1.11
1646500,43278,27800,1.17
1646500,43279,21700,1.25
1646500,43280,18300,1.33
1646500,43281,17400,1.37
1646500,43282,15900,1.31
1646500,43283,13100,1.21
1646500,43284,10600,1.06
1646500,43285,9710,1.01
1646500,43286,9040,1.05
1646500,43287,10400,1.11
1646500,43288,11900,1.21
1646500,43289,10700,1.15
